ward_id,cutoff,this_status,that_status,Period,eta_bayes,eta_lo,eta_hi,lines,formmin,breakmin,mean_intensity
0,1,ALL,ALL,All,-0.025717702437453825,-0.0768267346115048,0.028889516085276762,3529,1359262.3333333333,329184.3333333333,0.2421786621027533
0,1,PA,ALL,All,-0.2283492752218998,-0.27707617735450196,-0.17825363300513675,3378,524676.3333333334,153465.83333333334,0.2924961992441054
0,1,V,ALL,All,-0.5362554671564752,-0.6655699237208078,-0.4086701530478898,1293,51314.166666666664,42023.833333333336,0.8189518813842832
0,1,PE,ALL,All,0.0920032610680384,0.03841499482991467,0.13739763421809872,3520,777670,243266.83333333334,0.31281499007719643
0,1,ALL,PA,All,-0.12317718758535241,-0.16897630709447986,-0.08029971137149418,3378,1342035,153465.83333333334,0.11435307822324556
0,1,PA,PA,All,0.6780857904338319,0.6175081630616882,0.7372599482364514,913,518397.3333333333,47475.5,0.09158129671448928
0,1,V,PA,All,-0.33197070019823804,-0.4564780327237974,-0.20698874054146332,648,51079.666666666664,33756.333333333336,0.6608565704553019
0,1,PE,PA,All,0.008709989207590713,-0.03896121141549239,0.051431972273969576,3127,765497.5,71552.16666666667,0.09347145701542679
0,1,ALL,V,All,0.5651529094521467,0.5069994620326851,0.6206510724016243,1293,404384.8333333333,42023.833333333336,0.10392039925664869
0,1,PA,V,All,0.6157587554665818,0.5441576828747103,0.6876968914818531,648,129591.66666666667,33756.333333333336,0.2604822840974857
0,1,V,V,All,1.3112082896398791,1.1443293569420305,1.464783926900674,395,50681.666666666664,3412.1666666666665,0.0673254628563912
0,1,PE,V,All,0.6003887461606398,0.5461075984331266,0.6566169322547459,1045,219985.5,4808.666666666667,0.021859016465479164
0,1,ALL,PE,All,0.25570713297590697,0.21185365530457814,0.2992687927647959,3520,1359068.3333333333,243266.83333333334,0.17899529211800733
0,1,PA,PE,All,0.3124798219472537,0.2822300068100538,0.3424852087916816,3127,524522.3333333334,71552.16666666667,0.13641395631708086
0,1,V,PE,All,-0.2536493101006861,-0.3718540762043762,-0.13673990948439105,1045,51231.666666666664,4808.666666666667,0.093861218647321
0,1,PE,PE,All,0.2480662184155555,0.1967809977544922,0.30313872455071156,2364,774707,164953.5,0.21292372471140703
0,1,ALL,ALL,Day,0.2358730286749136,0.14146607621083065,0.3231857217179865,2494,944657.6666666666,239091.3333333333,0.2530983887284741
0,1,PA,ALL,Day,-0.16501039148074723,-0.2570021091814827,-0.07546706624166165,2398,311265.8333333333,101304.66666666667,0.32546028448352027
0,1,V,ALL,Day,-0.7561724800585938,-0.9401321177749742,-0.5711589112952417,842,32681.833333333332,25892.333333333332,0.7922546164790837
0,1,PE,ALL,Day,0.411297606466427,0.31740113317501156,0.5042264866755538,2494,595204.1666666666,187969.66666666666,0.3158070410013371
0,1,ALL,PA,Day,0.02236306193653717,-0.04139353322579504,0.08188518278310325,2398,929867.5,101304.66666666667,0.10894527087640624
0,1,PA,PA,Day,0.848247057790808,0.7554388569591335,0.9316089791454213,564,368788,33066,0.0896612688048418
0,1,V,PA,Day,-0.24374598220503224,-0.39486630284567936,-0.094100993214277,394,32660.833333333332,20010.166666666668,0.6126655270073739
0,1,PE,PA,Day,0.5296091689387166,0.4573119452416436,0.5961051532626326,2239,585772.3333333334,53452.333333333336,0.09125103780365182
0,1,ALL,V,Day,0.664221423608849,0.5923050052562479,0.731836602631357,842,287982,25892.333333333332,0.08990955453234345
0,1,PA,V,Day,0.7123514189243251,0.6076797641109914,0.8223998090425364,394,82669.66666666667,20010.166666666668,0.24204968368083415
0,1,V,V,Day,1.3536243908555272,1.1438386316708669,1.5393967797932395,259,32660.5,2707.1666666666665,0.08288809622224604
0,1,PE,V,Day,1.3392559800691888,1.2603491346619202,1.4136402220657203,711,169476.5,3215.1666666666665,0.018971165127121853
0,1,ALL,PE,Day,0.6607364008476789,0.5842740468604045,0.7327044646073283,2494,944657.6666666666,187969.66666666666,0.19898178281867893
0,1,PA,PE,Day,1.1654914925919695,1.0931695448914973,1.240148153003253,2239,312343.8333333333,53452.333333333336,0.17113298752496583
0,1,V,PE,Day,0.17661706470335242,-0.1418904668176065,0.46868736216977247,711,32749.5,3215.1666666666665,0.09817452683755985
0,1,PE,PE,Day,0.3528369355857452,0.2768479003726315,0.4281011670847734,1751,594567.3333333334,129774,0.2182662799054999
0,1,ALL,ALL,Night,-0.1766172831210312,-0.263807372852195,-0.10161269731677869,889,372721.3333333333,79817.66666666667,0.21414837179519286
0,1,PA,ALL,Night,-0.45660666350080714,-0.5390549434299535,-0.38009624349702287,834,194177.5,45842.166666666664,0.2360838236493243
0,1,V,ALL,Night,-0.3710813240551449,-0.5686877369999451,-0.17083451560197097,387,15870.5,13786,0.8686556819255852
0,1,PE,ALL,Night,-0.05673172587769729,-0.14043211600311925,0.031706105634532335,880,162577.33333333334,49488.5,0.30439975232299704
0,1,ALL,PA,Night,-0.23981064103285318,-0.3048329490280283,-0.16878075794011313,834,370284.1666666667,45842.166666666664,0.1238026650702951
0,1,PA,PA,Night,0.6473786585378434,0.5251562689159461,0.7568889645556955,305,37376,2847.1666666666665,0.07617633418949771
0,1,V,PA,Night,-0.5620629117425869,-0.7967040063045983,-0.33182465143997875,219,11063,7715.666666666667,0.6974298713429149
0,1,PE,PA,Night,-0.2443977032304329,-0.3190814350104283,-0.17442136278186723,759,159816.66666666666,16093.833333333334,0.10070184586505372
0,1,ALL,V,Night,0.49548212667418634,0.38609930308038903,0.5911921703472852,387,99777.5,13786,0.1381674225150961
0,1,PA,V,Night,0.6264398521124457,0.5214676480018362,0.7281178857948478,219,32618,7715.666666666667,0.2365462832382938
0,1,V,V,Night,1.842666481257167,1.544819100127927,2.092006713193846,107,10622.166666666666,505.5,0.04758916103117694
0,1,PE,V,Night,0.38230044422662923,0.29584477237463025,0.4617409119202108,267,43131,1348.5,0.03126521527439661
0,1,ALL,PE,Night,0.1567209152850018,0.09131980987906517,0.22417208394732957,880,372527.3333333333,49488.5,0.1328452856255738
0,1,PA,PE,Night,0.29771280012075624,0.2576198697584338,0.3353494913846658,759,192490.5,16093.833333333334,0.08360845513588117
0,1,V,PE,Night,-0.10660346431687832,-0.2401501447732946,0.021926994102864184,267,15719.166666666666,1348.5,0.08578699040449558
0,1,PE,PE,Night,0.2992451768467377,0.18679019535754468,0.4048128056712321,490,160519.66666666666,31549.833333333332,0.19654808652729988
0,0,ALL,ALL,All,-0.003475781978820175,-0.04594257067196316,0.038527788079929806,3815,1374902,333541.5,0.24259292662313386
0,2,ALL,ALL,All,-0.03402033934203648,-0.08521747965515358,0.016108546729730923,3334,1324318.8333333333,319428.1666666667,0.2412018606294834
0,0,ALL,ALL,Day,0.12921406734137608,0.07209921693915519,0.18562884787122982,2780,960297.3333333334,243448.5,0.2535136686831717
0,2,ALL,ALL,Day,0.236539186788771,0.139735054852226,0.3327610126957364,2299,909714.1666666666,229335.16666666666,0.25209585061974593
0,0,ALL,ALL,Night,-0.1588509319053179,-0.2362682277137243,-0.07789376210430032,1035,414604.6666666667,90093,0.2172985671491075
0,2,ALL,ALL,Night,-0.19321294588099575,-0.27749115135841984,-0.1162844636469603,761,342027,72602.66666666667,0.21227174073002036
1,1,ALL,ALL,All,-0.3178291635632309,-0.5252014858595322,-0.10885089372790105,317,132116.83333333334,53966.5,0.4084755790644896
1,1,PA,ALL,All,0.48113714359197834,0.16904617028881377,0.7738203029845525,301,32347.833333333332,21786.666666666668,0.6735123939264351
1,1,V,ALL,All,NA,NA,NA,0,0,0,NA
1,1,PE,ALL,All,-0.26863074248105756,-0.48819552034816194,-0.07040730130274461,317,99304,52025.83333333333,0.5239047101157388
1,1,ALL,PA,All,0.3950290883337658,0.11177784027386903,0.6339617783810585,301,130152.16666666667,21786.666666666668,0.16739380699258433
1,1,PA,PA,All,2.9323011973824977,2.666249375876847,2.9975765799720397,23,32028.833333333332,1940.6666666666665,0.06059123810316746
1,1,V,PA,All,NA,NA,NA,0,0,0,NA
1,1,PE,PA,All,0.4346779263064118,0.16416969180686658,0.6761160930758838,299,97773.33333333333,19846,0.20297968089458612
1,1,ALL,V,All,NA,NA,NA,0,0,0,NA
1,1,PA,V,All,NA,NA,NA,0,0,0,NA
1,1,V,V,All,NA,NA,NA,0,0,0,NA
1,1,PE,V,All,NA,NA,NA,0,0,0,NA
1,1,ALL,PE,All,-0.19809564356498144,-0.39413254957356814,-0.004064530269699758,317,132116.83333333334,52025.83333333333,0.3937865601279675
1,1,PA,PE,All,0.6949729273983214,0.4231470387153111,0.9487602168631244,299,32347.833333333332,19846,0.6135186797673209
1,1,V,PE,All,NA,NA,NA,0,0,0,NA
1,1,PE,PE,All,-0.33451636529358997,-0.5493240484829487,-0.1304537779568853,290,99304,31850.666666666664,0.32073901017750206
1,1,ALL,ALL,Day,0.7807971471793183,0.3967189351901556,1.1426946588351177,234,88758.33333333333,36208.666666666664,0.4079466716740212
1,1,PA,ALL,Day,1.4027694900843122,0.9425880959888572,1.7988041935459596,225,19161.333333333332,15020.666666666666,0.7839050866328022
1,1,V,ALL,Day,NA,NA,NA,0,0,0,NA
1,1,PE,ALL,Day,0.5218890850922998,0.14125713614178115,0.8706363121887282,234,69132,35059.166666666664,0.5071336959247044
1,1,ALL,PA,Day,0.1160320232985112,-1.0877691382500307,1.2842639125750082,225,87365.33333333333,15020.666666666666,0.17192936939136805
1,1,PA,PA,Day,0.7780483593628004,-1.0613957352433554,2.4573557600429585,9,20497.666666666664,1124.5,0.054859902753158905
1,1,V,PA,Day,NA,NA,NA,0,0,0,NA
1,1,PE,PA,Day,-0.030853091120391297,-1.1628710841047785,1.1376749086773728,223,68173,13871.166666666666,0.20347009324317056
1,1,ALL,V,Day,NA,NA,NA,0,0,0,NA
1,1,PA,V,Day,NA,NA,NA,0,0,0,NA
1,1,V,V,Day,NA,NA,NA,0,0,0,NA
1,1,PE,V,Day,NA,NA,NA,0,0,0,NA
1,1,ALL,PE,Day,0.6993156804465502,0.4184304120361213,0.9599528316603327,234,88758.33333333333,35059.166666666664,0.39499577504459676
1,1,PA,PE,Day,1.260417031077286,0.9445787446149602,1.53970913811746,223,19161.333333333332,13871.166666666666,0.7239144805511099
1,1,V,PE,Day,NA,NA,NA,0,0,0,NA
1,1,PE,PE,Day,0.5935338696853286,0.3377378244226936,0.8484244350559108,220,69132,20858.833333333332,0.30172471985959226
1,1,ALL,ALL,Night,-0.6839356300719936,-1.0630804562338452,-0.3648324792229101,76,39690.5,16324.5,0.4112948942442146
1,1,PA,ALL,Night,-0.5714430260771832,-1.3237335773195635,0.08728122757227952,69,12178.5,6207,0.509668678408671
1,1,V,ALL,Night,NA,NA,NA,0,0,0,NA
1,1,PE,ALL,Night,-0.46976841604108055,-0.8206437452240919,-0.1395356635775935,76,27512,15625.166666666666,0.5679400504022487
1,1,ALL,PA,Night,0.4083968807749956,0.1206306865976743,0.6457551101598995,69,39118.833333333336,6207,0.1586703761615249
1,1,PA,PA,Night,NA,NA,NA,13,446.16666666666663,0,0
1,1,V,PA,Night,NA,NA,NA,0,0,0,NA
1,1,PE,PA,Night,0.48519795367879603,0.2119298915049365,0.713014903984305,69,26940.333333333332,5507.666666666666,0.2044394402444909
1,1,ALL,V,Night,NA,NA,NA,0,0,0,NA
1,1,PA,V,Night,NA,NA,NA,0,0,0,NA
1,1,V,V,Night,NA,NA,NA,0,0,0,NA
1,1,PE,V,Night,NA,NA,NA,0,0,0,NA
1,1,ALL,PE,Night,-0.765318917336713,-1.1730863202825963,-0.38722419445800493,76,39690.5,15625.166666666666,0.3936752287491129
1,1,PA,PE,Night,-0.2982437066611002,-1.2140372630523808,0.4927321834629329,69,12178.5,5507.666666666666,0.45224507670621716
1,1,V,PE,Night,NA,NA,NA,0,0,0,NA
1,1,PE,PE,Night,-0.8260341611754838,-1.2643152758327938,-0.44224118840899806,63,27512,10117.5,0.3677486187845304
1,0,ALL,ALL,All,-0.21602786390265516,-0.38398452801030275,-0.060343514347472066,336,132899.83333333334,54220.5,0.40798019561098015
1,2,ALL,ALL,All,-0.33522091036003543,-0.5597381223416059,-0.13013632340418269,305,129896.83333333333,53227.166666666664,0.40976492883454946
1,0,ALL,ALL,Day,0.1279547669003943,-0.052358537259693735,0.2933526793332328,253,89541.33333333333,36462.666666666664,0.407216034308178
1,2,ALL,ALL,Day,0.9362167959353114,0.4588464556644034,1.3557132711926594,222,86538.33333333333,35469.33333333333,0.40986845906438374
1,0,ALL,ALL,Night,-0.6784636631712793,-1.0339674055626662,-0.3678151231536012,83,43358.5,17757.833333333332,0.4095582949902172
1,2,ALL,ALL,Night,-0.7032834695767672,-1.0597165937046267,-0.3768215711602981,70,35561.5,14269,0.40124854125950815
2,1,ALL,ALL,All,-0.1808145167681781,-0.38251385557567524,0.006230388883296852,219,95081,20750,0.21823497859719607
2,1,PA,ALL,All,-0.2509439125034173,-0.4117823129873299,-0.1062589601434219,208,30132,11163.666666666666,0.37049205717067124
2,1,V,ALL,All,1.185629632094832,0.8244738227214375,1.5085829003740305,192,13395.166666666666,6540.166666666667,0.48824824874643846
2,1,PE,ALL,All,-0.3772700851361004,-0.5973107917373364,-0.1657706157588893,219,51224.833333333336,13185.333333333334,0.2574011953837494
2,1,ALL,PA,All,-0.44495854336065066,-0.6783405625773713,-0.2584745012765628,208,93801,11163.666666666666,0.11901436729530246
2,1,PA,PA,All,-0.15457979688455428,-0.6415627444293155,0.22380554732112667,30,30132,1884.3333333333333,0.06253595291827072
2,1,V,PA,All,0.3392812652981165,-0.20240700075150356,0.7381428203411264,80,13371.166666666666,3823,0.28591371982001074
2,1,PE,PA,All,-0.5891148131854338,-0.8023062866445203,-0.3948738431982318,161,50085.833333333336,5429.333333333333,0.10840057900603962
2,1,ALL,V,All,1.618772867017038,1.4453097358623348,1.7812646198944697,192,91204.33333333333,6540.166666666667,0.07170894657783074
2,1,PA,V,All,0.9723282653087263,0.7109743962873162,1.2239873541399753,80,29509.833333333332,3823,0.12955003699331863
2,1,V,V,All,0.41173633618363703,-0.17805030039036607,0.9339744461703596,58,13371.166666666666,1722.8333333333333,0.12884689692996124
2,1,PE,V,All,1.9946165083684648,1.8214394989756524,2.1537404086290306,173,48251.333333333336,973.6666666666666,0.02017906240932893
2,1,ALL,PE,All,-0.2616536340869865,-0.4605357782747873,-0.08833908074774102,219,95081,13185.333333333334,0.13867474399021187
2,1,PA,PE,All,-0.5477952249883494,-0.7147311104158017,-0.3954017461166899,161,30132,5429.333333333333,0.18018496393645736
2,1,V,PE,All,0.5382717386330649,0.1558036722967342,0.8696095570940764,173,13395.166666666666,973.6666666666666,0.07268790981821802
2,1,PE,PE,All,0.18297672773121787,-0.06584279727006159,0.4010054851932637,142,51224.833333333336,6722.333333333333,0.13123192201699044
2,1,ALL,ALL,Day,0.552975479459082,0.03330985484219366,1.0229565525112845,148,62793.833333333336,14601,0.2325228326560729
2,1,PA,ALL,Day,1.8920471973883528,1.331176631488437,2.403313559344305,137,15736.333333333334,6947.166666666667,0.4414730242114851
2,1,V,ALL,Day,2.9352987843350817,2.6650744421644816,2.997266903989437,130,9007.166666666666,4473.166666666667,0.49662305941565055
2,1,PE,ALL,Day,-0.22053950478006612,-0.7073801514772488,0.20372561320823504,148,37721.333333333336,9119.666666666666,0.2417641652822452
2,1,ALL,PA,Day,0.9763030629236666,0.25467708269785994,1.580331974695801,137,61513.833333333336,6947.166666666667,0.1129366565244132
2,1,PA,PA,Day,0.15279735521888752,-1.0098010406622893,1.146014569364106,18,12897.333333333334,1195.8333333333333,0.09271942520417656
2,1,V,PA,Day,-0.3272249896245818,-1.7079462169432502,0.900666111746027,46,8805.166666666666,2556.6666666666665,0.29035982661694837
2,1,PE,PA,Day,1.558374623303724,0.9397374164057134,2.0733095932883208,106,36660.333333333336,2846,0.07763159091115737
2,1,ALL,V,Day,1.8755595017291267,1.6475086139281947,2.0984635454253606,130,59471.833333333336,4473.166666666667,0.07521487763114752
2,1,PA,V,Day,1.1062935655900723,0.5911474519542511,1.5641088013835978,46,13928.333333333334,2556.6666666666665,0.18355869331099675
2,1,V,V,Day,0.20965604492451811,-0.5936209114054976,0.9250456106978369,34,8805.166666666666,1258.5,0.14292744789990727
2,1,PE,V,Day,2.869652779656042,2.645909743719655,2.990050408414159,118,35064.333333333336,637.3333333333334,0.018176114380234427
2,1,ALL,PE,Day,0.19071990218866122,-0.15883290393812266,0.4958718489737205,148,62793.833333333336,9119.666666666666,0.1452318831732415
2,1,PA,PE,Day,0.545834554883734,0.17903494747837514,0.8627300200278485,106,15781.333333333334,2846,0.18033964177086853
2,1,V,PE,Day,2.9726101245701626,2.847014727417223,2.9986641998376338,118,9007.166666666666,637.3333333333334,0.07075847010713691
2,1,PE,PE,Day,-0.1686372493165838,-0.5386698217564955,0.1342317469188641,96,37799.333333333336,5598.5,0.14811107779678653
2,1,ALL,ALL,Night,-0.34085019073512995,-0.5844188807730955,-0.11649676274397414,61,28698.166666666668,4720.333333333333,0.16448205169900515
2,1,PA,ALL,Night,-0.5425953331902054,-0.7360254584817726,-0.36727830304369097,61,13450.666666666666,3206.166666666667,0.23836488897700242
2,1,V,ALL,Night,0.6653591172971749,-2.2102907442069557e-4,1.2383589805011532,52,3253,1105.3333333333333,0.3397889127984424
2,1,PE,ALL,Night,-0.32270848086788295,-0.613601454901168,-0.09073395961628941,61,11994.5,3543.8333333333335,0.2954548612558534
2,1,ALL,PA,Night,-0.5663250676290846,-0.8136166268418861,-0.3516137001579375,61,28698.166666666668,3206.166666666667,0.11172026087613031
2,1,PA,PA,Night,-2.7619868119649507,-2.9890983627262924,-2.031001719982374,11,1122.6666666666667,52.5,0.04676365795724465
2,1,V,PA,Night,0.0636118288985735,-0.4398051551951835,0.45938255671744965,28,3431,551.5,0.16074030894782862
2,1,PE,PA,Night,-0.4953187060610318,-0.7720826081556719,-0.2545855751517588,50,11994.5,2333.1666666666665,0.19451971042283267
2,1,ALL,V,Night,1.3314619109572796,1.017193955784035,1.6192715548269638,52,28143.5,1105.3333333333333,0.039274906579968134
2,1,PA,V,Night,1.0359713708865135,0.8247804077931138,1.2625362879515256,28,14636.5,551.5,0.03767977316981519
2,1,V,V,Night,0.7953281932619514,0.1717194610996958,1.3978421798642506,18,3431,303.5,0.08845817545904984
2,1,PE,V,Night,1.739571931708161,1.356134240240356,2.057069124615344,45,11678,250.33333333333334,0.02143631900439573
2,1,ALL,PE,Night,-0.5335872286025813,-0.8189423063069328,-0.2572734935945042,61,28698.166666666668,3543.8333333333335,0.12348640157036744
2,1,PA,PE,Night,-0.6518350672257969,-0.8858962673159986,-0.42401420002580054,50,13450.666666666666,2333.1666666666665,0.17346104282315622
2,1,V,PE,Night,0.6635645564146858,-0.2012238778064772,1.5005739678595298,45,3253,250.33333333333334,0.0769546060047136
2,1,PE,PE,Night,0.6130086816199398,0.15179667919439524,0.9944986103851956,41,11994.5,960.3333333333334,0.0800644739950255
2,0,ALL,ALL,All,-0.07051606121276036,-0.24460671852028662,0.07613196313592499,239,96056,20923,0.21782085450154076
2,2,ALL,ALL,All,-0.1755698761812802,-0.40111040681095794,0.009034276742808087,201,91759,19980.333333333332,0.2177479411647177
2,0,ALL,ALL,Day,0.3610306975794469,0.12984583273919156,0.5763892927712301,168,63768.833333333336,14774,0.23168057541170842
2,2,ALL,ALL,Day,0.8426750738787201,0.25700170662255695,1.3577056886880992,130,59471.833333333336,13831.333333333334,0.23256947966964753
2,0,ALL,ALL,Night,-0.2283230317555297,-0.45235642040576696,-0.0248368767775346,71,32287.166666666668,6149,0.19044718489802448
2,2,ALL,ALL,Night,-0.48404085976824507,-0.7530144815214738,-0.24515770830751066,43,26064.166666666668,3843.6666666666665,0.1474693864501071
5,1,ALL,ALL,All,-0.32461975627280093,-0.561731528017244,-0.12061571704116307,183,85373.83333333333,17103,0.2003307024205309
5,1,PA,ALL,All,0.3369534616444998,0.002779226975831238,0.679563409883923,167,26191.833333333332,6005.5,0.2292890277503802
5,1,V,ALL,All,NA,NA,NA,0,0,0,NA
5,1,PE,ALL,All,-0.21691035535232964,-0.4822552272896627,-0.001628936329474577,183,58962,17092,0.2898816186696516
5,1,ALL,PA,All,0.15577877622925732,-0.1587503938882707,0.4163520471821118,167,84335.16666666667,6005.5,0.0712099144089753
5,1,PA,PA,All,1.9479146315302003,0.6338346433396473,2.893149985337961,22,26191.833333333332,11,4.1997823749133004e-4
5,1,V,PA,All,NA,NA,NA,0,0,0,NA
5,1,PE,PA,All,0.28526404955259466,-0.035812691277377615,0.5546865263886162,167,58143.333333333336,5994.5,0.10309866422060425
5,1,ALL,V,All,NA,NA,NA,0,0,0,NA
5,1,PA,V,All,NA,NA,NA,0,0,0,NA
5,1,V,V,All,NA,NA,NA,0,0,0,NA
5,1,PE,V,All,NA,NA,NA,0,0,0,NA
5,1,ALL,PE,All,-0.2048948605686504,-0.430499798011534,0.005203641938679983,183,85373.83333333333,17092,0.20020185732162277
5,1,PA,PE,All,0.8916256294753414,0.566533426995831,1.2052846108834945,167,26191.833333333332,5994.5,0.2288690495128889
5,1,V,PE,All,NA,NA,NA,0,0,0,NA
5,1,PE,PE,All,-0.40774111871261703,-0.6768212468586715,-0.19260693738108006,163,58962,10975,0.18613683389301583
5,1,ALL,ALL,Day,0.9211262268800973,0.14309086175664448,1.6223052496499675,122,61224.833333333336,13705.5,0.22385524392335354
5,1,PA,ALL,Day,1.0503501417815226,0.19551558882672374,1.8044330598756138,117,15775.833333333334,5036.666666666667,0.3192646981142042
5,1,V,ALL,Day,NA,NA,NA,0,0,0,NA
5,1,PE,ALL,Day,0.56828059427743,-0.2359999527991719,1.2570603628327608,122,45229,13694.5,0.30278140131331666
5,1,ALL,PA,Day,0.6482819700661189,-0.7731056636727338,2.039688464015303,117,60411.833333333336,5036.666666666667,0.08337218701634062
5,1,PA,PA,Day,-2.0658908615818006,-2.9335027451386075,-0.6325842483153276,10,16468.833333333332,11,6.679283090281643e-4
5,1,V,PA,Day,NA,NA,NA,0,0,0,NA
5,1,PE,PA,Day,0.8958485462474384,-0.45180672994643895,2.324180280034764,117,44636,5025.666666666667,0.11259222749947725
5,1,ALL,V,Day,NA,NA,NA,0,0,0,NA
5,1,PA,V,Day,NA,NA,NA,0,0,0,NA
5,1,V,V,Day,NA,NA,NA,0,0,0,NA
5,1,PE,V,Day,NA,NA,NA,0,0,0,NA
5,1,ALL,PE,Day,0.8398576713167869,0.3153735959923504,1.316700666816407,122,61224.833333333336,13694.5,0.22367557826481083
5,1,PA,PE,Day,0.8891107362209265,0.31577484270847145,1.4005083771357385,117,15775.833333333334,5025.666666666667,0.3185674290845703
5,1,V,PE,Day,NA,NA,NA,0,0,0,NA
5,1,PE,PE,Day,1.0229487309578804,0.5248255478733579,1.485063615746883,113,45256,8553.833333333334,0.18900992870190325
5,1,ALL,ALL,Night,-0.8761227919882781,-1.2437221043284896,-0.5481905406197776,46,21710,2774.333333333333,0.12779057270075234
5,1,PA,ALL,Night,-2.0928133868341465,-2.8609461708891244,-1.2468037838736679,35,9564,888.1666666666667,0.09286560713787816
5,1,V,ALL,Night,NA,NA,NA,0,0,0,NA
5,1,PE,ALL,Night,-0.5154958312380371,-0.8859379657985151,-0.20533353676740831,46,12146,2774.333333333333,0.22841539052637355
5,1,ALL,PA,Night,-0.19443258952699904,-0.6224531053198479,0.09791947986002947,35,21484.333333333332,888.1666666666667,0.04134020138705724
5,1,PA,PA,Night,NA,NA,NA,9,184,0,0
5,1,V,PA,Night,NA,NA,NA,0,0,0,NA
5,1,PE,PA,Night,0.08269277834723399,-0.3419664845502004,0.3703339994189537,35,11920.333333333334,888.1666666666667,0.07450854282598361
5,1,ALL,V,Night,NA,NA,NA,0,0,0,NA
5,1,PA,V,Night,NA,NA,NA,0,0,0,NA
5,1,V,V,Night,NA,NA,NA,0,0,0,NA
5,1,PE,V,Night,NA,NA,NA,0,0,0,NA
5,1,ALL,PE,Night,-0.6767843346843768,-1.01684237302563,-0.34491373456755325,46,21710,2774.333333333333,0.12779057270075234
5,1,PA,PE,Night,2.3548187187954523,1.6432233053238963,2.9292692192319345,35,9564,888.1666666666667,0.09286560713787816
5,1,V,PE,Night,NA,NA,NA,0,0,0,NA
5,1,PE,PE,Night,-0.7750137191531121,-1.2184066372281595,-0.37144564820354264,35,12119,1878.6666666666665,0.15501829083807794
5,0,ALL,ALL,All,-0.3705649837971065,-0.5761902030029272,-0.19385594879088736,201,86553.83333333333,17632.666666666668,0.2037190727158243
5,2,ALL,ALL,All,-0.36800158696108565,-0.5965267098649547,-0.16231449464688086,169,82378.83333333333,15995.5,0.19417002344858006
5,0,ALL,ALL,Day,-0.22701863621373242,-0.5764983328800354,0.058087356924805884,140,62404.833333333336,14235.166666666666,0.22811000216329397
5,2,ALL,ALL,Day,1.153392431101351,0.3597866611835804,1.862644225469384,108,58229.833333333336,12598,0.2163495802552529
5,0,ALL,ALL,Night,-0.6510429358483082,-0.9434597831388888,-0.3771192360159181,61,24149,3397.5,0.14068905544743054
5,2,ALL,ALL,Night,-0.9399410197148973,-1.3311668817978428,-0.6158485859565197,28,20015,2483.1666666666665,0.12406528437005579
6,1,ALL,ALL,All,0.4885075163429219,0.14174943545844823,0.8253041074882455,196,77165.16666666667,24594.333333333332,0.31872325811948826
6,1,PA,ALL,All,-0.09072822082492174,-0.4750409283144032,0.2760021819549046,175,21676.833333333332,16662,0.7686547081753947
6,1,V,ALL,All,0.04959958256268325,-0.3732497319858389,0.47526994917999893,178,15647,15279,0.9764811145906563
6,1,PE,ALL,All,1.405614008450913,1.0634533313312173,1.7034907497802563,196,39365.333333333336,8750.5,0.22228949329359163
6,1,ALL,PA,All,-0.28016644041468597,-0.8929701978924157,0.22634014069657354,175,75762.83333333333,16662,0.21992313733426902
6,1,PA,PA,All,0.7047663140505516,-0.1502705179252753,1.4328977083580088,24,21676.833333333332,1437.6666666666667,0.06632272549034685
6,1,V,PA,All,0.022979027610078848,-0.6718220397753892,0.5257079707003455,42,15640,13240.666666666666,0.8465899403239556
6,1,PE,PA,All,2.9148762360392726,2.5575531405842864,2.9961914566357613,158,38446,1983.6666666666667,0.05159617818932182
6,1,ALL,V,All,0.38746843278350096,-0.2404548735747818,0.96967804062581,178,75813.83333333333,15279,0.20153314148913018
6,1,PA,V,All,-0.2557378627045462,-1.0355603401412095,0.48018732341651554,42,21676.833333333332,13240.666666666666,0.6108210762642144
6,1,V,V,All,0.9577406643126126,0.12226011531974586,1.6848913818562934,30,15647,998.6666666666666,0.06382480134637097
6,1,PE,V,All,2.8707359498872633,2.4432879993385277,2.9947063402745804,165,38490,1039.6666666666667,0.027011344938079156
6,1,ALL,PE,All,1.2930593456540524,1.057663268482641,1.4925494482455033,196,77165.16666666667,8750.5,0.11339961251946581
6,1,PA,PE,All,1.9495546266553587,1.6927122598180733,2.1783122586340102,158,21676.833333333332,1983.6666666666667,0.09151090642083332
6,1,V,PE,All,1.4504266132023331,1.1274107713381538,1.7058456088197964,165,15647,1039.6666666666667,0.06644511194904242
6,1,PE,PE,All,0.8431658247787254,0.596670397981262,1.0654364065431643,148,39365.333333333336,5660.5,0.14379403197398727
6,1,ALL,ALL,Day,-0.08432345412382136,-0.630322140642109,0.41277969126664316,150,55316,17665,0.31934702436907947
6,1,PA,ALL,Day,-0.006195005919213653,-0.7637179136407543,0.653728685606278,135,12885,10979.333333333334,0.8521019273056526
6,1,V,ALL,Day,-0.5332243350437907,-1.2559469333880289,0.12455793851835728,135,9811,9750.333333333334,0.993816464512622
6,1,PE,ALL,Day,0.43151640013756987,-0.09706260519214342,0.9030844569027863,150,32144,7386.333333333333,0.22978886676621868
6,1,ALL,PA,Day,0.03125591047630523,-1.2239716008475658,1.2415386388126046,135,53982,10979.333333333334,0.2033887839156262
6,1,PA,PA,Day,0.5390508117076563,-1.0590836911677461,2.074231286440156,16,13760.666666666666,1408.6666666666667,0.10236907126592705
6,1,V,PA,Day,0.12119786854069914,-1.4509495769229444,1.7534060447435669,31,10013,7883.333333333333,0.7873098305536136
6,1,PE,PA,Day,2.4522961973337276,1.0953182052720967,2.976342770648596,121,31286,1722.1666666666667,0.05504592043299453
6,1,ALL,V,Day,-0.2022171587796065,-0.950418309415179,0.5480724835692355,135,53982,9750.333333333334,0.18062193570696405
6,1,PA,V,Day,0.8282932146904461,-0.5977520578886198,2.253249463348185,31,12755,7883.333333333333,0.6180582777995557
6,1,V,V,Day,1.5950570749712085,-0.06073184785903888,2.8662323774460976,22,10013,953.5,0.09522620593228802
6,1,PE,V,Day,2.861985209199968,2.3540598844043448,2.9944250506370107,126,31286,832.1666666666667,0.026598691640563405
6,1,ALL,PE,Day,0.8674378995449483,0.4856847290249358,1.229705370418258,150,55316,7386.333333333333,0.13352978041314145
6,1,PA,PE,Day,2.9423402444684883,2.7186097383885124,2.9986608472178484,121,12885,1722.1666666666667,0.13365670676497218
6,1,V,PE,Day,2.9590798474899334,2.7874351355032276,2.9989063291867604,126,9811,832.1666666666667,0.08481976013318385
6,1,PE,PE,Day,0.8887436367945691,0.44707077205311746,1.2718515538023543,115,32144,4765.333333333333,0.148249543719927
6,1,ALL,ALL,Night,2.5579533821271023,1.935878672562742,2.962444600501032,41,19568.166666666668,6228,0.3182720234394297
6,1,PA,ALL,Night,0.09796932806590494,-0.7333609211873936,0.8774193645713637,35,8098.833333333333,5160.5,0.6371905418475913
6,1,V,ALL,Night,1.364295248792359,0.42968646489320117,2.161792129424507,38,5345,4994,0.934331150608045
6,1,PE,ALL,Night,2.9515896114005025,2.7336125075885023,2.997924140596525,41,6124.333333333333,1133.5,0.18508136940075112
6,1,ALL,PA,Night,-0.04509250479606998,-0.7581078586966106,0.5240971587398319,35,19499.833333333332,5160.5,0.26464328754946626
6,1,PA,PA,Night,2.6782058477519337,1.5434542120469916,2.986567543976949,7,116.16666666666667,29,0.24964131994261118
6,1,V,PA,Night,0.3824996167624502,-0.44230583664854883,0.9668512502560548,9,772,923.8333333333334,1.1966753022452505
6,1,PE,PA,Night,2.8635839385594464,2.3377818993996944,2.9956188099971706,33,6063,210,0.034636318654131616
6,1,ALL,V,Night,1.7062726120923442,0.9220322728597837,2.376052635777179,38,19550.833333333332,4994,0.2554366821533609
6,1,PA,V,Night,0.041283290303903535,-1.1516730767592536,1.0083312985331139,9,846.8333333333334,923.8333333333334,1.0909269828773864
6,1,V,V,Night,0.5000909868472605,-0.7496701158896166,1.5579121779881662,6,779,45.166666666666664,0.057980316645271715
6,1,PE,V,Night,2.8212253345119533,2.163360424070203,2.993459781271218,34,6107,143.5,0.023497625675454395
6,1,ALL,PE,Night,2.419073801794847,1.8021153455858274,2.879190677454104,41,19568.166666666668,1133.5,0.05792571267960718
6,1,PA,PE,Night,1.149945578433952,0.23173192083068042,2.4587695976722577,33,8098.833333333333,210,0.02592966065071101
6,1,V,PE,Night,1.9082774901971196,0.966440472457838,2.6839818235372834,34,5345,143.5,0.02684752104770814
6,1,PE,PE,Night,1.1837054872321318,0.1486240409119815,1.8160547633530721,29,6124.333333333333,780,0.12736080117563817
6,0,ALL,ALL,All,0.4480643245498732,0.1991984949808741,0.6696494573011097,207,77819.16666666667,24796.333333333332,0.31864043776704537
6,2,ALL,ALL,All,0.5831685576303179,0.18003989375529128,0.9368787027523751,181,75831.16666666667,24160.166666666668,0.318604707387244
6,0,ALL,ALL,Day,0.23607105317734225,-0.08071372266090432,0.49511085033459756,161,55970,17867,0.31922458459889225
6,2,ALL,ALL,Day,-0.13364140930407648,-0.8174106598162217,0.4945641244773662,135,53982,17230.833333333332,0.31919590480777543
6,0,ALL,ALL,Night,2.2302824453220773,1.614230166464752,2.779765774959028,46,21849.166666666668,6929.333333333333,0.3171440558373698
6,2,ALL,ALL,Night,2.6932739567047737,2.096196975419589,2.982960270742064,33,17757.166666666668,5739.5,0.3232216100541565
8,1,ALL,ALL,All,-0.013956098726308985,-0.3065373126827658,0.2326433393097609,142,73032.16666666667,11182.833333333334,0.15312202613916698
8,1,PA,ALL,All,-1.011036832410479,-1.341635648366851,-0.673161997675767,129,32080.666666666668,1731.1666666666667,0.053962926788720104
8,1,V,ALL,All,NA,NA,NA,0,0,0,NA
8,1,PE,ALL,All,0.18603068883700996,-0.1348766211309775,0.47474535364095094,142,40404.5,11049.166666666666,0.2734637643496805
8,1,ALL,PA,All,-0.47908488414774775,-0.7912909650402075,-0.20290515368294543,129,71624.66666666667,1731.1666666666667,0.024169978685182943
8,1,PA,PA,All,2.941309671429796,2.677310597225082,2.998228217121007,21,31690.666666666668,58.33333333333333,0.0018407101985863344
8,1,V,PA,All,NA,NA,NA,0,0,0,NA
8,1,PE,PA,All,-0.3340171904004694,-0.6724543773240246,-0.0364693200581984,129,39544,1622.3333333333333,0.041026030076202036
8,1,ALL,V,All,NA,NA,NA,0,0,0,NA
8,1,PA,V,All,NA,NA,NA,0,0,0,NA
8,1,V,V,All,NA,NA,NA,0,0,0,NA
8,1,PE,V,All,NA,NA,NA,0,0,0,NA
8,1,ALL,PE,All,0.262381892407805,-0.040606451778698593,0.5351724123098046,142,73032.16666666667,11049.166666666666,0.15129178238812577
8,1,PA,PE,All,-0.08440733296680604,-0.3581873549608938,0.18665089748683228,129,32080.666666666668,1622.3333333333333,0.050570437023337
8,1,V,PE,All,NA,NA,NA,0,0,0,NA
8,1,PE,PE,All,0.2561642757881723,-0.048310553913322764,0.547948952602863,117,40404.5,9357.333333333334,0.23159136564821578
8,1,ALL,ALL,Day,0.4903052787394907,-0.30843411193625436,1.2662173822078502,96,51250,9103,0.17761951219512195
8,1,PA,ALL,Day,0.20606122743303967,-0.8983206228495213,1.1927952442342071,90,19820.5,1463.5,0.07383769329734366
8,1,V,ALL,Day,NA,NA,NA,0,0,0,NA
8,1,PE,ALL,Day,-0.036059797724482326,-0.80787458266496,0.6810606407054147,96,30882.5,8969.333333333334,0.2904341725356864
8,1,ALL,PA,Day,2.2400711051603945,0.9453046581169531,2.9533779860582987,90,50311,1463.5,0.029089066009421398
8,1,PA,PA,Day,1.499064927624921,-0.39275460563064135,2.861276545036039,9,27558.166666666668,58.33333333333333,0.002116734906168165
8,1,V,PA,Day,NA,NA,NA,0,0,0,NA
8,1,PE,PA,Day,2.0422897192270506,0.6735536737751289,2.9162796191612474,90,30490.5,1354.6666666666667,0.04442913913076751
8,1,ALL,V,Day,NA,NA,NA,0,0,0,NA
8,1,PA,V,Day,NA,NA,NA,0,0,0,NA
8,1,V,V,Day,NA,NA,NA,0,0,0,NA
8,1,PE,V,Day,NA,NA,NA,0,0,0,NA
8,1,ALL,PE,Day,0.3998900286063617,-0.10348923148332956,0.8273553543824895,96,51250,8969.333333333334,0.17501138211382114
8,1,PA,PE,Day,0.39211075080425667,-0.30850607244841727,0.9964803818236974,90,19820.5,1354.6666666666667,0.06834674537305652
8,1,V,PE,Day,NA,NA,NA,0,0,0,NA
8,1,PE,PE,Day,0.3218485361142672,-0.18817816485803265,0.7545026887542173,84,31455.5,7606.5,0.2418178061070401
8,1,ALL,ALL,Night,-0.6271852241395183,-1.1073483894949931,-0.21096690269663018,39,19642.166666666664,1893,0.09637429679346306
8,1,PA,ALL,Night,-2.9397032236762772,-2.9974764958851092,-2.7288984661224185,32,11188.166666666666,208.83333333333334,0.01866555438037212
8,1,V,ALL,Night,NA,NA,NA,0,0,0,NA
8,1,PE,ALL,Night,0.09452635121277847,-0.40598221007793933,0.5173505421519675,39,8454,1893,0.22391767210787794
8,1,ALL,PA,Night,-1.176136619581825,-1.4260460561896728,-0.8959386502277905,32,19173.666666666668,208.83333333333334,0.010891674345021817
8,1,PA,PA,Night,NA,NA,NA,11,445,0,0
8,1,V,PA,Night,NA,NA,NA,0,0,0,NA
8,1,PE,PA,Night,-0.9177414675315508,-1.2041680315472638,-0.5673557274625534,32,7985.5,208.83333333333334,0.026151566380731746
8,1,ALL,V,Night,NA,NA,NA,0,0,0,NA
8,1,PA,V,Night,NA,NA,NA,0,0,0,NA
8,1,V,V,Night,NA,NA,NA,0,0,0,NA
8,1,PE,V,Night,NA,NA,NA,0,0,0,NA
8,1,ALL,PE,Night,0.3508466812501445,-0.2715184770304962,0.9602441964253384,39,19642.166666666664,1893,0.09637429679346306
8,1,PA,PE,Night,2.945433716203729,2.7094464189316043,2.9978095015411625,32,11188.166666666666,208.83333333333334,0.01866555438037212
8,1,V,PE,Night,NA,NA,NA,0,0,0,NA
8,1,PE,PE,Night,0.7043358878615743,-0.2742583859654965,1.5948912972903955,26,7881,1622.8333333333333,0.20591718479042423
8,0,ALL,ALL,All,-0.191631326639202,-0.4011311039612041,-0.007650704279920061,161,73668.16666666667,11391.166666666666,0.15462807318403018
8,2,ALL,ALL,All,-5.860215317387875e-4,-0.29313591366757036,0.2634330489240701,131,70012.5,10483.333333333334,0.14973516633934417
8,0,ALL,ALL,Day,-0.2163459449804648,-0.5057213342805185,0.03249818467148491,115,51886,9311.333333333334,0.17945752868468054
8,2,ALL,ALL,Day,0.9797310482296022,-0.011652567170945835,1.838060302557067,85,48230.333333333336,8403.5,0.1742368219170508
8,0,ALL,ALL,Night,-0.6338890308047815,-1.097898244306001,-0.22731600959687392,46,21782.166666666664,2079.8333333333335,0.09548330821084527
8,2,ALL,ALL,Night,-0.5985282723875607,-1.0963989491805466,-0.18525689936564052,36,17879.166666666664,1767.8333333333333,0.09887671871358658
9,1,ALL,ALL,All,0.03456756974667963,-0.24849716550465356,0.27302455344425386,213,87389,26927,0.30812802526633787
9,1,PA,ALL,All,0.0011445412410059225,-0.25526987231620946,0.20077187473756106,210,36722.5,14374.166666666666,0.391426691174802
9,1,V,ALL,All,NA,NA,NA,0,0,0,NA
9,1,PE,ALL,All,-0.1397734371025307,-0.4187748565607936,0.08273757750289189,212,50372.5,14421.833333333334,0.2863037040713352
9,1,ALL,PA,All,-0.10847946371535873,-0.41624672332434276,0.1365806324463035,210,86838,14374.166666666666,0.1655285320558588
9,1,PA,PA,All,0.3739531839319331,-0.30466669621642484,0.8817031053121245,27,36722.5,12454.166666666666,0.3391426691174802
9,1,V,PA,All,NA,NA,NA,0,0,0,NA
9,1,PE,PA,All,-0.729658624083271,-0.96162672748461,-0.5144982477314227,209,50115.5,1920,0.03831150043399747
9,1,ALL,V,All,NA,NA,NA,0,0,0,NA
9,1,PA,V,All,NA,NA,NA,0,0,0,NA
9,1,V,V,All,NA,NA,NA,0,0,0,NA
9,1,PE,V,All,NA,NA,NA,0,0,0,NA
9,1,ALL,PE,All,0.11699255451234275,-0.0731904351766493,0.27859064176178805,212,87385.5,14421.833333333334,0.16503691497254502
9,1,PA,PE,All,-0.23765285366244449,-0.36447691492317713,-0.12445110152340787,209,36719,1920,0.05228900569187614
9,1,V,PE,All,NA,NA,NA,0,0,0,NA
9,1,PE,PE,All,0.21826736957358656,-0.06346979331712226,0.46721441271092495,186,50147.5,12400,0.24727055187197766
9,1,ALL,ALL,Day,-0.07342040805692347,-0.6228376617647666,0.4597330022230009,170,61127.833333333336,17861,0.29219095502048986
9,1,PA,ALL,Day,0.4038860233831142,-0.19994469251675923,0.9553140681198309,167,21424.833333333332,9027.333333333334,0.4213490575578185
9,1,V,ALL,Day,NA,NA,NA,0,0,0,NA
9,1,PE,ALL,Day,-0.0445944927096876,-0.6534878254578518,0.5388966357944177,170,39409,10225.833333333334,0.2594796450895312
9,1,ALL,PA,Day,0.561687438043219,-0.3673678147174967,1.3998227630268152,167,60576.833333333336,9027.333333333334,0.14902286627726222
9,1,PA,PA,Day,-0.032220763783685234,-1.6019096460497049,1.4684397433785463,18,34996.833333333336,11692,0.3340873698096494
9,1,V,PA,Day,NA,NA,NA,0,0,0,NA
9,1,PE,PA,Day,2.7472325194236373,1.9801932115444756,2.9902673243023026,167,39152,1443.1666666666667,0.03686061163329247
9,1,ALL,V,Day,NA,NA,NA,0,0,0,NA
9,1,PA,V,Day,NA,NA,NA,0,0,0,NA
9,1,V,V,Day,NA,NA,NA,0,0,0,NA
9,1,PE,V,Day,NA,NA,NA,0,0,0,NA
9,1,ALL,PE,Day,0.5636299688705582,0.21680505658638682,0.8408565474939981,170,61127.833333333336,10225.833333333334,0.16728604263742378
9,1,PA,PE,Day,2.014450609542247,1.5987269092278282,2.3937236121959837,167,21424.833333333332,1443.1666666666667,0.06735952827326545
9,1,V,PE,Day,NA,NA,NA,0,0,0,NA
9,1,PE,PE,Day,0.005313275299341405,-0.292523440099788,0.2783574282582204,151,39184,8680.833333333334,0.22154025452565673
9,1,ALL,ALL,Night,0.1596880169228692,-0.2444600329837141,0.4650359231082779,38,24170.166666666668,8530,0.3529144054998931
9,1,PA,ALL,Night,-0.1951089975995673,-0.5870645254486129,0.11420818068907947,38,14217.666666666666,4998.833333333333,0.3515930884111317
9,1,V,ALL,Night,NA,NA,NA,0,0,0,NA
9,1,PE,ALL,Night,-0.0665581759998235,-0.5166128745719354,0.252823545416455,37,9952.5,3960,0.39788997739261495
9,1,ALL,PA,Night,-0.04459491334339866,-0.38916572003717287,0.2236123763071887,38,24170.166666666668,4998.833333333333,0.20681832286358526
9,1,PA,PA,Night,1.1600864432517979,0.25860822937651645,1.836973211391773,7,990.6666666666666,431.16666666666663,0.435228802153432
9,1,V,PA,Night,NA,NA,NA,0,0,0,NA
9,1,PE,PA,Night,-0.9883909132149248,-1.5222517476432373,-0.6720725707228452,37,9952.5,428.8333333333333,0.04308800133969689
9,1,ALL,V,Night,NA,NA,NA,0,0,0,NA
9,1,PA,V,Night,NA,NA,NA,0,0,0,NA
9,1,V,V,Night,NA,NA,NA,0,0,0,NA
9,1,PE,V,Night,NA,NA,NA,0,0,0,NA
9,1,ALL,PE,Night,-0.2765049552507905,-0.7464758829414795,0.1171894571623637,37,24166.666666666668,3960,0.16386206896551722
9,1,PA,PE,Night,-1.4086512981959725,-1.787021520761838,-1.0811679590535983,37,14214.166666666666,428.8333333333333,0.030169431904789823
9,1,V,PE,Night,NA,NA,NA,0,0,0,NA
9,1,PE,PE,Night,2.8052514552123142,2.0900369317116816,2.992766394104171,30,9952.5,3531.1666666666665,0.354801976052918
9,0,ALL,ALL,All,-0.0464867216832505,-0.27777893945824744,0.15606375069258305,233,88560,27340,0.30871725383920506
9,2,ALL,ALL,All,0.029911656825749394,-0.23004483113149587,0.2596071822352104,204,85060,26334.166666666668,0.30959518771063566
9,0,ALL,ALL,Day,-0.1843816569980382,-0.5047255061578912,0.09177785615656552,190,62298.833333333336,18274,0.2933281254598133
9,2,ALL,ALL,Day,-0.10228383766879022,-0.684668784463779,0.45918830548312345,161,58798.833333333336,17268.166666666668,0.29368213088128164
9,0,ALL,ALL,Night,0.15228188772950207,-0.22112466768874137,0.4478880609910845,43,26261.166666666668,9066,0.3452245711348188
9,2,ALL,ALL,Night,0.16725754432816253,-0.2350068662078847,0.4714027991662796,37,22198.166666666668,7888,0.3553446605950942
12,1,ALL,ALL,All,-0.08109841115801883,-0.254565003150829,0.07576822474089037,288,107462.33333333333,15780.833333333332,0.1468499039973696
12,1,PA,ALL,All,-0.22535272367288856,-0.4247041826292538,-0.044415200750395095,271,52308,3874.1666666666665,0.0740645153067727
12,1,V,ALL,All,0.9444699110958081,-0.70191379734498,2.5332871973611146,48,189.33333333333334,23.666666666666664,0.12499999999999999
12,1,PE,ALL,All,0.041197608903884464,-0.1524510244428383,0.20944218698191494,288,54805,15370.666666666666,0.280461028494967
12,1,ALL,PA,All,-0.5727801465910175,-0.9072951816471869,-0.2790423381028285,271,106506.5,3874.1666666666665,0.03637493173343098
12,1,PA,PA,All,-1.7426793795178526,-2.074852847300927,-1.4313880220820807,61,52308,404,0.007723483979506003
12,1,V,PA,All,1.2564934570975879,-0.48657267051832376,2.757802037867481,5,147.33333333333331,6.166666666666666,0.041855203619909506
12,1,PE,PA,All,-0.3147601766537709,-0.6889668386081766,-0.01027810074830321,267,53947.166666666664,3464,0.06421097184591097
12,1,ALL,V,All,0.5701474440060641,-1.513031259917997,2.4088022072929642,48,12131.333333333334,23.666666666666664,0.0019508710226960485
12,1,PA,V,All,0.4801504782793497,-1.4861494467614533,2.3527771789691023,5,3600,6.166666666666666,0.0017129629629629628
12,1,V,V,All,NA,NA,NA,2,147.33333333333331,0,0
12,1,PE,V,All,0.5055143585161057,-1.4184729221299537,2.3814876300438232,46,7334,17.5,0.002386146713935097
12,1,ALL,PE,All,0.17018063849249448,0.02800772280269031,0.3058267314381831,288,107462.33333333333,15370.666666666666,0.14303306274756736
12,1,PA,PE,All,0.3765600405937466,0.22647174456278146,0.5499844967858455,267,52308,3464,0.06622313986388316
12,1,V,PE,All,-1.4655018952668115,-2.8779402981932862,0.48956912630435556,46,189.33333333333334,17.5,0.09242957746478873
12,1,PE,PE,All,0.05310042492134537,-0.13169920869961524,0.2081835499325851,221,54340,11797,0.21709606183290395
12,1,ALL,ALL,Day,0.4716415586528655,0.07430671064242413,0.8326752520668345,227,78527,13650.166666666666,0.1738276855943391
12,1,PA,ALL,Day,0.29479754019462345,-0.18637672834937552,0.7240670745642088,222,31161.166666666668,3151.6666666666665,0.10114084303647167
12,1,V,ALL,Day,0.9585971447284583,-0.7477843151548583,2.562116999809162,48,189.33333333333334,23.666666666666664,0.12499999999999999
12,1,PE,ALL,Day,0.15828073823284805,-0.26575087988679863,0.5213700149024061,227,47016.5,13378.166666666666,0.28454195158437284
12,1,ALL,PA,Day,0.0484492267998116,-0.5402165021973669,0.5739993554774474,222,78174,3151.6666666666665,0.04031604710858683
12,1,PA,PA,Day,2.9212981345823996,2.585025598203673,2.9975958820275603,37,49711.166666666664,265.8333333333333,0.005347557725125475
12,1,V,PA,Day,1.1767024785010687,-0.5598745345933529,2.74404894252065,5,147.33333333333331,6.166666666666666,0.041855203619909506
12,1,PE,PA,Day,-0.2775828818938634,-0.8661268545303387,0.29420996782264386,218,46761.5,2879.6666666666665,0.061581999436858666
12,1,ALL,V,Day,0.4677010179622112,-1.4927179005682507,2.315327659186703,48,12131.333333333334,23.666666666666664,0.0019508710226960485
12,1,PA,V,Day,0.45915120541084037,-1.4486450798468231,2.316806871063702,5,3600,6.166666666666666,0.0017129629629629628
12,1,V,V,Day,NA,NA,NA,2,147.33333333333331,0,0
12,1,PE,V,Day,0.42625574651030373,-1.5038857714802614,2.3007861019822093,46,7334,17.5,0.002386146713935097
12,1,ALL,PE,Day,0.5383788302349704,0.2710789609863425,0.7651026913811773,227,78527,13378.166666666666,0.17036390880419047
12,1,PA,PE,Day,0.423091142234985,0.08369040219499542,0.7404839449455334,218,31161.166666666668,2879.6666666666665,0.09241202993041552
12,1,V,PE,Day,-1.354057364730128,-2.8251442807952727,0.5404023096964186,46,189.33333333333334,17.5,0.09242957746478873
12,1,PE,PE,Day,0.10880226579055431,-0.13443108585050947,0.3340301299840118,185,46643.166666666664,10402,0.2230123026238213
12,1,ALL,ALL,Night,-0.754724534025294,-1.0792553502400282,-0.47422453535401304,57,26281.333333333332,1923.5,0.07318882857287809
12,1,PA,ALL,Night,-2.0664246944344193,-2.5084226957302436,-1.6111909540392098,45,19471.833333333332,673.5,0.034588422593318555
12,1,V,ALL,Night,NA,NA,NA,0,0,0,NA
12,1,PE,ALL,Night,-0.12470724914766096,-0.48276545157375583,0.18136471513967176,57,6809.5,1785.3333333333333,0.2621827349046675
12,1,ALL,PA,Night,-1.013374006798194,-1.4545303887059413,-0.6514048325006219,45,25678.5,673.5,0.026228167533150302
12,1,PA,PA,Night,-0.2639877202153118,-0.8966159222181791,0.25486340111597505,18,1227.6666666666667,87.16666666666667,0.07100190062449091
12,1,V,PA,Night,NA,NA,NA,0,0,0,NA
12,1,PE,PA,Night,-0.1859796629807821,-0.7397729096544111,0.20831999941474127,45,6206.666666666667,535.3333333333334,0.0862513426423201
12,1,ALL,V,Night,NA,NA,NA,0,0,0,NA
12,1,PA,V,Night,NA,NA,NA,0,0,0,NA
12,1,V,V,Night,NA,NA,NA,0,0,0,NA
12,1,PE,V,Night,NA,NA,NA,0,0,0,NA
12,1,ALL,PE,Night,0.29757302986345197,0.10145225872479847,0.49602569133030655,57,26281.333333333332,1785.3333333333333,0.06793161179037085
12,1,PA,PE,Night,2.482708014136362,1.9514806252286672,2.9331564138805217,45,19471.833333333332,535.3333333333334,0.027492703135298
12,1,V,PE,Night,NA,NA,NA,0,0,0,NA
12,1,PE,PE,Night,-0.2582580973028161,-0.7166687877137632,0.1988480094696383,32,6717.833333333333,1236.8333333333335,0.184111940853946
12,0,ALL,ALL,All,-0.06475678208728279,-0.22508723237411843,0.07177554773621674,300,108217.33333333333,15912.5,0.14704206350184199
12,2,ALL,ALL,All,-0.0960455682406687,-0.2753985477963726,0.06463222624103322,268,105742.33333333333,15530.5,0.1468711679648958
12,0,ALL,ALL,Day,0.19068141212234832,-0.03298241236805088,0.4040389536003259,239,79282,13781.833333333332,0.17383306845605978
12,2,ALL,ALL,Day,0.7521567167084725,0.1333099009225639,1.356166736817696,207,76807,13399.833333333332,0.17446109512587826
12,0,ALL,ALL,Night,-0.7725480311946057,-1.0848168579182123,-0.491745435361803,61,28935.333333333332,2130.6666666666665,0.0736354629864295
12,2,ALL,ALL,Night,-0.7267861837718161,-1.0410288657726385,-0.4582083157544726,56,23849.333333333332,1722.5,0.07222424106893274
13,1,ALL,ALL,All,0.88339354102212575,0.5767591192622229,1.1505671334280114,124,42769.333333333336,10015.166666666666,0.2341670043956729
13,1,PA,ALL,All,0.8970595659986772,0.5978883165333377,1.169162338636182,123,9704.166666666666,1079.6666666666667,0.1112580506655217
13,1,V,ALL,All,NA,NA,NA,0,0,0,NA
13,1,PE,ALL,All,0.8140214024291956,0.5202329441753797,1.0797151027918956,124,33065.166666666664,10015.166666666666,0.30289176424333764
13,1,ALL,PA,All,0.46341881019784026,0.08052382926561533,0.8267399210315164,123,42768.333333333336,1079.6666666666667,0.025244534507618564
13,1,PA,PA,All,NA,NA,NA,16,9704.166666666666,0,0
13,1,V,PA,All,NA,NA,NA,0,0,0,NA
13,1,PE,PA,All,0.5168081817992538,0.12251122092868122,0.8883567887414501,123,33064.166666666664,1079.6666666666667,0.032653678453512115
13,1,ALL,V,All,NA,NA,NA,0,0,0,NA
13,1,PA,V,All,NA,NA,NA,0,0,0,NA
13,1,V,V,All,NA,NA,NA,0,0,0,NA
13,1,PE,V,All,NA,NA,NA,0,0,0,NA
13,1,ALL,PE,All,0.8991954800245212,0.6424468186240561,1.1293510539206728,124,42769.333333333336,10015.166666666666,0.2341670043956729
13,1,PA,PE,All,0.9551122639966854,0.683505079081264,1.1820455290074254,123,9704.166666666666,1079.6666666666667,0.1112580506655217
13,1,V,PE,All,NA,NA,NA,0,0,0,NA
13,1,PE,PE,All,0.6710773617984291,0.3641470457556533,0.9195261376199676,107,33000.166666666664,8931.5,0.27065014823157463
13,1,ALL,ALL,Day,0.334500511466962,-0.10151716753681295,0.7189025784972238,96,32696,8804.166666666666,0.26927350950167195
13,1,PA,ALL,Day,0.5465656029344872,0.14557563833914083,0.8831240922784878,96,6691.666666666667,902.5,0.1348692403486924
13,1,V,ALL,Day,NA,NA,NA,0,0,0,NA
13,1,PE,ALL,Day,0.27866002465210593,-0.1515264537628156,0.655708199087577,96,26004.333333333332,8804.166666666666,0.33856536731057646
13,1,ALL,PA,Day,0.1960584173312813,-0.22061841400782944,0.5772562310572679,96,32696,902.5,0.02760276486420357
13,1,PA,PA,Day,NA,NA,NA,11,5983.166666666667,0,0
13,1,V,PA,Day,NA,NA,NA,0,0,0,NA
13,1,PE,PA,Day,0.2599547372833166,-0.14784245712014937,0.6272661264819789,96,26004.333333333332,902.5,0.034705754169176935
13,1,ALL,V,Day,NA,NA,NA,0,0,0,NA
13,1,PA,V,Day,NA,NA,NA,0,0,0,NA
13,1,V,V,Day,NA,NA,NA,0,0,0,NA
13,1,PE,V,Day,NA,NA,NA,0,0,0,NA
13,1,ALL,PE,Day,0.41075082581682665,0.045181343930072726,0.7284821132294749,96,32696,8804.166666666666,0.26927350950167195
13,1,PA,PE,Day,0.660297757138766,0.3113638099605126,0.9528608573599315,96,6691.666666666667,902.5,0.1348692403486924
13,1,V,PE,Day,NA,NA,NA,0,0,0,NA
13,1,PE,PE,Day,0.33383284952696973,-0.0504818235195247,0.6672260625025767,85,25939.333333333332,7897.666666666667,0.30446683286643195
13,1,ALL,ALL,Night,2.8715715593229794,2.370171880822033,2.994951647472006,21,8960.333333333334,1139.8333333333333,0.12720880919608643
13,1,PA,ALL,Night,2.8137273453069733,2.123699737964175,2.9934557638382695,20,2822.5,177.16666666666666,0.0627694124594036
13,1,V,ALL,Night,NA,NA,NA,0,0,0,NA
13,1,PE,ALL,Night,2.8824737016625024,2.382640874893161,2.9953108839546765,21,6137.833333333333,1139.8333333333333,0.18570613951720205
13,1,ALL,PA,Night,2.343104898135308,0.9360409079990742,2.9662961303159596,20,8959.333333333334,177.16666666666666,0.01977453679589255
13,1,PA,PA,Night,NA,NA,NA,4,2255,0,0
13,1,V,PA,Night,NA,NA,NA,0,0,0,NA
13,1,PE,PA,Night,2.354990968525665,0.8644819690813335,2.9689932648112705,20,6136.833333333333,177.16666666666666,0.028869395182097173
13,1,ALL,V,Night,NA,NA,NA,0,0,0,NA
13,1,PA,V,Night,NA,NA,NA,0,0,0,NA
13,1,V,V,Night,NA,NA,NA,0,0,0,NA
13,1,PE,V,Night,NA,NA,NA,0,0,0,NA
13,1,ALL,PE,Night,2.925458150119247,2.583805385540422,2.996901021953209,21,8960.333333333334,1139.8333333333333,0.12720880919608643
13,1,PA,PE,Night,2.8945299287214703,2.5013394397831736,2.995704481095406,20,2822.5,177.16666666666666,0.0627694124594036
13,1,V,PE,Night,NA,NA,NA,0,0,0,NA
13,1,PE,PE,Night,2.738548928896017,1.819483957291916,2.989023520961414,16,6137.833333333334,962.6666666666666,0.15684144785076165
13,0,ALL,ALL,All,0.4494640849784954,0.17999916058870707,0.6983065215379227,144,44193.5,10460.833333333334,0.23670524700087872
13,2,ALL,ALL,All,0.8658350597385157,0.5551177156925603,1.1305553652190525,117,41720.333333333336,9627.833333333334,0.2307707672517797
13,0,ALL,ALL,Day,0.11078450139259285,-0.19273553375185024,0.37221620673029326,116,34120.166666666664,9249.833333333334,0.27109578401824924
13,2,ALL,ALL,Day,0.3024565730971826,-0.14197004514022465,0.6823168265289412,89,31647,8416.833333333334,0.26595991194531343
13,0,ALL,ALL,Night,2.8814456091937277,2.3970447316463677,2.995754942823594,28,10073.333333333334,1211,0.12021839841164791
13,2,ALL,ALL,Night,2.869294261031012,2.3349671373584497,2.9953905655516504,18,7775.333333333334,982.5,0.126361142073223
14,1,ALL,ALL,All,-0.0756695029117466,-0.27762634661361385,0.10697803658276728,473,80291.66666666667,28036.666666666668,0.3491852620653866
14,1,PA,ALL,All,-0.18223336891991637,-0.4044525504376746,0.019747497420999273,471,15715,16729.833333333332,1.0645773676954078
14,1,V,ALL,All,-0.5596662679911142,-0.7829084456751318,-0.35125229262174446,471,14978.666666666666,16296.333333333334,1.0879695567028664
14,1,PE,ALL,All,0.5966172306784141,0.3589506050233663,0.808713134817027,472,49541,13910.666666666666,0.2807909946643521
14,1,ALL,PA,All,0.049950599433562226,-0.12469677576183415,0.2128513625382069,471,79870.66666666667,16729.833333333332,0.20946154616630216
14,1,PA,PA,All,-0.0233387493267197,-0.2711367779588388,0.24577162008233228,242,15714,146,0.009291078019600356
14,1,V,PA,All,-0.10928707260810461,-0.36376150085113196,0.1294319340411007,346,14977.666666666666,13637.833333333334,0.9105445886097079
14,1,PE,PA,All,0.6366615604921035,0.44989626203904537,0.8064459789913366,371,49177,2946,0.059906053642963177
14,1,ALL,V,All,-0.12137457487108645,-0.2634025030189734,0.013311969815257117,471,79870.66666666667,16296.333333333334,0.20403402166836385
14,1,PA,V,All,-0.2753417085875912,-0.5066757392757935,-0.05073048745323077,346,15714,13637.833333333334,0.8678779008103178
14,1,V,V,All,2.982949847723893,2.9042472865723643,2.999107802392869,239,14977.666666666666,332.6666666666667,0.022210847261478203
14,1,PE,V,All,1.3600049120021498,1.1841761902689352,1.5381422841463663,363,49177,2325.8333333333335,0.04729514474923915
14,1,ALL,PE,All,0.5549843199178285,0.36648116825555915,0.7257533854574961,472,80171.66666666667,13910.666666666666,0.17351100762946176
14,1,PA,PE,All,0.24023389829131703,0.013855920681290386,0.4357838595610221,371,15635,2946,0.18842340901822832
14,1,V,PE,All,0.6309762529212835,0.32984972290357373,0.8969097190267471,363,14938.666666666666,2325.8333333333335,0.15569216351303108
14,1,PE,PE,All,0.7512520602508048,0.48679332809275994,1.0066595513233965,140,49177,8566.666666666666,0.17420067646799656
14,1,ALL,ALL,Day,0.3409724020477437,0.05031452557733053,0.6057404457751995,295,50279.666666666664,16915.166666666668,0.33642161509954327
14,1,PA,ALL,Day,0.015384357122007579,-0.29667195326520984,0.30107456970627533,293,8312.666666666666,8911.666666666666,1.072058705589863
14,1,V,ALL,Day,-0.5331170193890633,-0.8229285700828859,-0.2886389432193279,293,8334,8591.166666666666,1.0308575313974881
14,1,PE,ALL,Day,0.7570021772584186,0.4542260738495237,1.0375836052156406,295,33576,9652.666666666666,0.2874870939560003
14,1,ALL,PA,Day,0.31984902446574115,0.10472430195666449,0.5278851405367865,293,49858.666666666664,8911.666666666666,0.1787385676846553
14,1,PA,PA,Day,-0.002038591415924485,-0.3119417404775019,0.2841144424695285,154,7839.666666666667,95.66666666666667,0.012202899783154047
14,1,V,PA,Day,0.2742072813592984,-0.0030748816494943487,0.5292337609962787,214,8421,7138.666666666667,0.8477219649289475
14,1,PE,PA,Day,0.978534782234002,0.7474037510635749,1.1886907331691492,236,32918,1828.3333333333333,0.05554205399274966
14,1,ALL,V,Day,-0.05665274200713406,-0.24456433967776053,0.12550643777030912,293,49858.666666666664,8591.166666666666,0.1723103973899556
14,1,PA,V,Day,-0.24020451834916698,-0.5959869979034569,0.12623663260701198,214,8421.666666666666,7138.666666666667,0.8476548584999012
14,1,V,V,Day,2.9748534123386183,2.8672740967247434,2.9990529691545733,153,8421,169.66666666666666,0.020148042591932865
14,1,PE,V,Day,1.0582952343727339,0.8206679887720801,1.2844468065322736,232,33212,1433.8333333333333,0.04317214661367377
14,1,ALL,PE,Day,0.7473472828442396,0.4269200250518064,1.0361501695998268,295,50279.666666666664,9652.666666666666,0.191979527840943
14,1,PA,PE,Day,0.855866154345811,0.4276872887295771,1.222995254279062,236,8249.666666666666,1828.3333333333333,0.22162511616630975
14,1,V,PE,Day,0.49765822702339113,0.06754943972696364,0.8667748781199709,232,8334,1433.8333333333333,0.1720462363010959
14,1,PE,PE,Day,0.6887848434964872,0.2582916006815511,1.0814128997030386,89,33468,6330.5,0.18915083064419744
14,1,ALL,ALL,Night,-0.2798730012308041,-0.6135502481369396,0.003374224515037891,158,27307,10307.666666666666,0.37747341951392194
14,1,PA,ALL,Night,-0.34541915357418906,-0.7010147863136549,-0.03643018359411075,158,6822.333333333333,7224.666666666667,1.0589729808960766
14,1,V,ALL,Night,-0.5035170666903295,-0.865353947803784,-0.17691783799474595,158,5949.666666666667,7104.833333333333,1.1941565353801333
14,1,PE,ALL,Night,0.6693623251269448,0.29356222070072696,1.009505461903237,157,14535,3957.8333333333335,0.2722967549592937
14,1,ALL,PA,Night,-0.4000429764545082,-0.7067554099113531,-0.10916695700377421,158,27307,7224.666666666667,0.2645719656742472
14,1,PA,PA,Night,2.9435133243147966,2.702046016908326,2.9985658076805906,76,7096.333333333333,50.333333333333336,0.007092864859786745
14,1,V,PA,Night,-0.8092227083208283,-1.2498553038178355,-0.3670967789462457,114,5663.666666666667,5855.833333333333,1.0339297275027954
14,1,PE,PA,Night,0.210229896336431,-0.07779478317048778,0.4846545316836181,120,14829,1031.6666666666667,0.069570885876773
14,1,ALL,V,Night,-0.22494997592206598,-0.4641142231018159,-2.923087372085631e-4,158,27307,7104.833333333333,0.2601835915088927
14,1,PA,V,Night,-0.34614160562741964,-0.6691725232135588,-0.01139560738184997,114,6514.333333333333,5855.833333333333,0.8989152126080949
14,1,V,V,Night,2.9443247304098525,2.7266760179094227,2.997569832426503,74,5663.666666666667,156.83333333333334,0.027691130598552174
14,1,PE,V,Night,2.2672774017408086,1.8887376163004934,2.6093864871275554,117,14535,805.3333333333334,0.055406490081412685
14,1,ALL,PE,Night,0.47232977171986296,0.14033450766287603,0.7687686955642816,157,27187,3957.8333333333335,0.14557815622662792
14,1,PA,PE,Night,-0.07564121283957695,-0.46304630631572696,0.25889823523982863,120,6805.333333333333,1031.6666666666667,0.15159678683385583
14,1,V,PE,Night,1.2159532212390216,0.7587017912866254,1.6195551745276215,117,5909.666666666667,805.3333333333334,0.13627390151728805
14,1,PE,PE,Night,1.1097455660045898,0.5765373728905789,1.5533924276194102,46,14346,2068.8333333333335,0.14420976811190112
14,0,ALL,ALL,All,0.041992350882815895,-0.13757735810362695,0.20240139931181816,484,81087.16666666667,28227.166666666668,0.3481089280465672
14,2,ALL,ALL,All,-0.1162461734353715,-0.33137509273548593,0.07304901441297426,462,79150.66666666667,27849.166666666668,0.3518500581170089
14,0,ALL,ALL,Day,0.5926934735849914,0.34065107235269143,0.8049890007871378,306,51075.166666666664,17105.666666666668,0.33491161719165546
14,2,ALL,ALL,Day,0.2534349419175237,-0.06209344786527997,0.5430429447124095,284,49138.666666666664,16727.666666666668,0.34041759374830416
14,0,ALL,ALL,Night,-0.2843236817662239,-0.589657526679392,-0.009406083349275344,178,30012,11121.5,0.3705684392909503
14,2,ALL,ALL,Night,-0.28117349998265995,-0.6358839173504188,0.020220996063395127,147,25036.833333333332,9542,0.3811184854314643
16,1,ALL,ALL,All,-0.26540847191428796,-0.5274695354269948,-0.04090643727282258,267,74566.33333333333,16428.666666666668,0.22032284453663184
16,1,PA,ALL,All,-0.8214856688290111,-1.0309335849615702,-0.5908471273835019,265,15948.333333333334,4563.666666666667,0.28615320305152053
16,1,V,ALL,All,2.956330066139108,2.7862410164568177,2.9983190301032607,93,578.5,123.16666666666667,0.2129069432440219
16,1,PE,ALL,All,-0.34285710405156283,-0.5845489028076697,-0.13058084689441699,267,57897.666666666664,15987,0.27612511730466976
16,1,ALL,PA,All,-0.5332248355912533,-0.7048874002519697,-0.3682907572004934,265,73922.16666666667,4563.666666666667,0.06173610531798085
16,1,PA,PA,All,-1.9503470593744252,-2.247065784490853,-1.6327712224952553,117,15948.333333333334,347.1666666666667,0.02176820984428885
16,1,V,PA,All,2.943785220440488,2.717496761314,2.998309005512951,43,578.5,47.333333333333336,0.08182080092192452
16,1,PE,PA,All,-0.5020504523913165,-0.653906024781418,-0.3467349794880842,260,57340.833333333336,4168.166666666667,0.07269107238878636
16,1,ALL,V,All,2.750801014991313,2.3786365040869555,2.978026164316116,93,19546.666666666668,123.16666666666667,0.006301159618008185
16,1,PA,V,All,-2.713711253440491,-2.9892367417841896,-1.6091964727084809,43,4904.833333333333,47.333333333333336,0.009650344897889837
16,1,V,V,All,2.0274729388113157,0.26506930459581246,2.946546883522282,3,300,32.5,0.10833333333333334
16,1,PE,V,All,2.8528366978790145,2.442208286665678,2.9922592307564155,56,14045.833333333334,43.333333333333336,0.00308513794126372
16,1,ALL,PE,All,-0.2214134583553121,-0.45107525553328776,-0.014032052746981046,267,74566.33333333333,15987,0.21439970674880085
16,1,PA,PE,All,-0.59236026774125,-0.7822455922002398,-0.39891967631903147,260,15948.333333333334,4168.166666666667,0.26135437349775315
16,1,V,PE,All,2.9364302444291,2.668873324108246,2.9980013358870377,56,578,43.333333333333336,0.07497116493656286
16,1,PE,PE,All,0.3659990113431777,0.05720970417950211,0.6371602637728943,152,57897.666666666664,11708.5,0.2022274933359433
16,1,ALL,ALL,Day,1.3483633508945747,0.6932640480452442,1.958422121230832,167,51829.666666666664,12146.333333333334,0.23435098302773832
16,1,PA,ALL,Day,0.8727964581759751,0.19598137743724564,1.5346710932389858,165,10624.666666666666,2891.3333333333335,0.2721340277342035
16,1,V,ALL,Day,2.5059468812340366,1.1378561845590929,2.97904742866918,38,265.6666666666667,64.33333333333333,0.24215809284818066
16,1,PE,ALL,Day,1.6119542200226051,0.9460000396324795,2.2076295708545217,167,40797.5,11881.5,0.2912310803358049
16,1,ALL,PA,Day,0.6426598749008389,0.3893377904787895,0.8757375021380934,165,51185.5,2891.3333333333335,0.05648735156115176
16,1,PA,PA,Day,-2.4912215481715094,-2.800891056697365,-2.15472088588482,77,10447.166666666666,232.66666666666666,0.02227079112359013
16,1,V,PA,Day,2.7916971919014415,1.9352858663471788,2.9922107598055874,25,265.6666666666667,47.333333333333336,0.178168130489335
16,1,PE,PA,Day,0.870433690705238,0.6272594465933121,1.0999533617707535,163,40240.666666666664,2640.1666666666665,0.06560941667633075
16,1,ALL,V,Day,0.4589481791859411,-1.5451910414313776,2.3819935002141146,38,12334.166666666666,64.33333333333333,0.00521586379298696
16,1,PA,V,Day,0.46777236794278443,-1.4739544532192561,2.3857856600773757,25,3294.5,47.333333333333336,0.014367379976728892
16,1,V,V,Day,NA,NA,NA,1,184,0,0
16,1,PE,V,Day,0.5059006856036177,-1.4754860230190074,2.3677745992816965,15,9265,17,0.001834862385321101
16,1,ALL,PE,Day,1.9248960246728202,1.089052221049845,2.644157355930044,167,51829.666666666664,11881.5,0.22924129681199315
16,1,PA,PE,Day,2.4772519083660898,1.557852503647258,2.9659534526000715,163,10624.666666666666,2640.1666666666665,0.2484940704022087
16,1,V,PE,Day,1.1871089276312508,-0.837884959728439,2.7769822372239696,15,284,17,0.05985915492957746
16,1,PE,PE,Day,1.890737259253827,0.9552676421886732,2.6436538852953317,92,41306,9284.666666666666,0.22477767555964426
16,1,ALL,ALL,Night,-0.6433728267254657,-1.006187846547663,-0.31773357503509786,85,20994.333333333332,3840.3333333333335,0.1829223758792055
16,1,PA,ALL,Night,-0.6955640359002747,-0.9157684587008252,-0.45524920101795857,85,4937.666666666667,1570.8333333333333,0.3181327212583541
16,1,V,ALL,Night,2.823881940950318,2.140764493523723,2.993286809007759,40,252,58.833333333333336,0.2334656084656085
16,1,PE,ALL,Night,-0.7267444451244724,-1.1180453061220235,-0.41543519852264016,85,15804.666666666666,3663.5,0.23179862487872782
16,1,ALL,PA,Night,-1.034002448656732,-1.3316268791710335,-0.7542236968600291,85,20994.333333333332,1570.8333333333333,0.07482177730498706
16,1,PA,PA,Night,-0.9440202846429648,-1.517697443467521,-0.4022617679610579,38,5031.166666666667,114.5,0.022758140921588763
16,1,V,PA,Night,NA,NA,NA,16,240,0,0
16,1,PE,PA,Night,-0.9886684966194732,-1.267445780666438,-0.723388208593196,82,15804.666666666666,1426.5,0.09025815160079302
16,1,ALL,V,Night,2.9519991245545962,2.764604452876482,2.9979804910212993,40,5470.166666666667,58.833333333333336,0.010755309100880534
16,1,PA,V,Night,NA,NA,NA,16,1140.3333333333333,0,0
16,1,V,V,Night,NA,NA,NA,0,0,0,NA
16,1,PE,V,Night,2.0456193811052654,1.2554278903360654,2.617784126256728,17,3695.8333333333335,26.333333333333336,0.007125140924464487
16,1,ALL,PE,Night,-0.5040850044182954,-0.8243830721692361,-0.21647958579513837,85,20994.333333333332,3663.5,0.1744994681104425
16,1,PA,PE,Night,-0.42077832607182153,-0.6143799175020479,-0.232810620525372,82,4937.666666666667,1426.5,0.28890164045095523
16,1,V,PE,Night,1.3467633457530621,-0.6527217761417822,2.8079570927488158,17,232,26.333333333333336,0.1135057471264368
16,1,PE,PE,Night,0.24311653868199148,-0.24350926212893792,0.6115269483742048,36,15506.666666666666,2135.5,0.13771496130696476
16,0,ALL,ALL,All,-0.09986444476939559,-0.3092427823698098,0.08402497994442328,289,75786.33333333333,16772.166666666668,0.2213085912587582
16,2,ALL,ALL,All,-0.2697255974488569,-0.5283038268723755,-0.04832981375310086,259,72352.5,15757.833333333334,0.2177925204150974
16,0,ALL,ALL,Day,0.833855872628646,0.5105337313969758,1.1097952492725556,189,53049.666666666664,12489.833333333334,0.23543660343451736
16,2,ALL,ALL,Day,1.634970456332606,0.9489642712818541,2.216646113726592,159,49615.833333333336,11475.5,0.2312870555434253
16,0,ALL,ALL,Night,-0.6353827693421317,-0.9943502242771247,-0.30578977296683896,100,22736.666666666668,4282.333333333333,0.18834481747544346
16,2,ALL,ALL,Night,-0.6291124212200447,-1.0004153133236104,-0.3013606417868044,61,19338.166666666668,3493.3333333333335,0.18064449404890157
17,1,ALL,ALL,All,0.9972147070461492,0.5807749181579622,1.3424253112939146,112,51424.333333333336,7293.166666666667,0.14182326136135293
17,1,PA,ALL,All,0.8534268095572232,0.4719328779776053,1.2112416880262071,106,28273.333333333332,3690.6666666666665,0.13053525112001887
17,1,V,ALL,All,NA,NA,NA,0,0,0,NA
17,1,PE,ALL,All,0.3377515478671677,-0.056274658256552576,0.6754293541012992,109,22543,4793,0.21261588963314554
17,1,ALL,PA,All,0.8634954882194134,0.2661002848002693,1.3480971796615233,106,50418.333333333336,3690.6666666666665,0.07320088592112657
17,1,PA,PA,All,2.0178977643480334,1.1205137170677746,2.681150718341004,22,28234.333333333332,2450,0.08677378605244207
17,1,V,PA,All,NA,NA,NA,0,0,0,NA
17,1,PE,PA,All,-1.0770609046779254,-1.880509899924852,-0.45301646012096175,101,22093,1235.5,0.05592269044493731
17,1,ALL,V,All,NA,NA,NA,0,0,0,NA
17,1,PA,V,All,NA,NA,NA,0,0,0,NA
17,1,V,V,All,NA,NA,NA,0,0,0,NA
17,1,PE,V,All,NA,NA,NA,0,0,0,NA
17,1,ALL,PE,All,0.7094392790331,0.5054118722596764,0.8838448932641788,109,51412.833333333336,4793,0.09322575102843972
17,1,PA,PE,All,0.5111271347001076,0.32883619611896325,0.689587797052943,101,28261.833333333332,1235.5,0.043716201473129254
17,1,V,PE,All,NA,NA,NA,0,0,0,NA
17,1,PE,PE,All,0.8577417899995358,0.5813572408136688,1.0840559747803362,84,22453,3494,0.1556139491381998
17,1,ALL,ALL,Day,0.720247773866819,-0.04356568021164066,1.3728433381088747,82,35594.833333333336,5744.833333333333,0.16139514629932245
17,1,PA,ALL,Day,0.7928162493570545,-0.12402915379447053,1.5655022002949832,76,17316.833333333332,2712,0.15661061972454549
17,1,V,ALL,Day,NA,NA,NA,0,0,0,NA
17,1,PE,ALL,Day,0.6973264224728511,-0.014675502392392493,1.3589568674633599,82,17670,3899.5,0.22068477645727222
17,1,ALL,PA,Day,0.9509910414855991,-0.4623070379669203,2.3288556464282415,76,34588.833333333336,2712,0.0784068075920456
17,1,PA,PA,Day,0.6872017376393702,-1.1201805536416598,2.4828360663941598,10,26493.833333333332,2215.1666666666665,0.08361065153526293
17,1,V,PA,Day,NA,NA,NA,0,0,0,NA
17,1,PE,PA,Day,0.24045111826372922,-1.3257968513599163,1.8667639415552455,75,17325,927.1666666666666,0.05351611351611352
17,1,ALL,V,Day,NA,NA,NA,0,0,0,NA
17,1,PA,V,Day,NA,NA,NA,0,0,0,NA
17,1,V,V,Day,NA,NA,NA,0,0,0,NA
17,1,PE,V,Day,NA,NA,NA,0,0,0,NA
17,1,ALL,PE,Day,0.9591449109540813,0.6563545820795819,1.2276198809009014,82,35594.833333333336,3899.5,0.1095524163151019
17,1,PA,PE,Day,1.8921309018267471,1.5487949778857895,2.203573021585928,75,17400.833333333332,927.1666666666666,0.05328288875053877
17,1,V,PE,Day,NA,NA,NA,0,0,0,NA
17,1,PE,PE,Day,0.62218423698808345,0.29051079739872315,0.9055394313728271,66,18190,2965.5,0.16302913688840023
17,1,ALL,ALL,Night,1.0717670945549023,0.46618664045864194,1.5691014497283216,26,14305.5,1352.5,0.09454405648177275
17,1,PA,ALL,Night,0.8181803903255773,0.21044578310911477,1.307302861943263,26,10212.5,889.5,0.08709914320685434
17,1,V,ALL,Night,NA,NA,NA,0,0,0,NA
17,1,PE,ALL,Night,-0.01605203600245332,-0.7647661457114617,0.6095875548889049,23,4093,734.8333333333334,0.17953416401987132
17,1,ALL,PA,Night,0.7816115798117528,0.11483850675821475,1.334144135188166,26,14305.5,889.5,0.0621788822480864
17,1,PA,PA,Night,2.762938828487237,1.9808501606825182,2.9901620763466465,10,443.3333333333333,38.833333333333336,0.08759398496240603
17,1,V,PA,Night,NA,NA,NA,0,0,0,NA
17,1,PE,PA,Night,-1.0076013659084058,-1.8562714411503798,-0.3091118181460177,22,3817,239.83333333333331,0.06283294035455418
17,1,ALL,V,Night,NA,NA,NA,0,0,0,NA
17,1,PA,V,Night,NA,NA,NA,0,0,0,NA
17,1,V,V,Night,NA,NA,NA,0,0,0,NA
17,1,PE,V,Night,NA,NA,NA,0,0,0,NA
17,1,ALL,PE,Night,0.37013980607936897,-0.11419239255029191,0.796798417034634,23,14294,734.8333333333334,0.05140851639382492
17,1,PA,PE,Night,-0.05005550029851051,-0.45983322878392957,0.3141524173815984,22,9925,239.83333333333331,0.024164567590260283
17,1,V,PE,Night,NA,NA,NA,0,0,0,NA
17,1,PE,PE,Night,2.727165603020283,1.6264929561226962,2.9901909800891975,14,3312,372.8333333333333,0.11257045088566828
17,0,ALL,ALL,All,0.8755555056219371,0.5890169595267001,1.1425245097288435,128,51949.333333333336,7364.333333333333,0.14175991992197526
17,2,ALL,ALL,All,1.0178741301930039,0.6381220684872896,1.3381352661724657,102,49867.333333333336,7057.666666666667,0.14152885656608868
17,0,ALL,ALL,Day,0.7029966705137409,0.34150910769296544,1.038464306353545,98,36119.833333333336,5816,0.16101956911945883
17,2,ALL,ALL,Day,0.7941948543925925,-0.019966285651229432,1.4833242989362154,72,34037.833333333336,5509.333333333333,0.16185910775754428
17,0,ALL,ALL,Night,1.070381246440574,0.5130973821371997,1.5349716748704119,30,15829.5,1548.3333333333333,0.09781315476378491
17,2,ALL,ALL,Night,1.1154223363009799,0.4835978138779334,1.6234725971428248,22,12888.5,1200.3333333333333,0.09313212036570068
18,1,ALL,ALL,All,0.015402880044671153,-0.22194369930770222,0.22569605268058773,208,117618.33333333333,22569.833333333332,0.19189043658159868
18,1,PA,ALL,All,-0.08399661875625059,-0.3414369367736463,0.15781517831661512,201,74702.33333333333,15914.166666666666,0.2130343987470271
18,1,V,ALL,All,0.5055000747637572,-1.433296471565111,2.305361308487919,10,51,88.66666666666666,1.7385620915032678
18,1,PE,ALL,All,0.34129280240542353,0.04538129172607544,0.607312357819224,204,42423,11098.666666666666,0.261619090273358
18,1,ALL,PA,All,-0.20862394123672365,-0.5474502917361557,0.06305180994512011,201,116725.33333333333,15914.166666666666,0.13633858402631818
18,1,PA,PA,All,-0.1566158044253309,-0.5246017593530898,0.1511094358417588,56,74702.33333333333,11246.5,0.15055085294078277
18,1,V,PA,All,0.4921456439591385,-1.3979203931782571,2.322322954354457,1,41,67.16666666666667,1.6382113821138213
18,1,PE,PA,All,-0.4098938722657256,-0.8676642749789871,-0.005287246539102546,195,41911,4459.833333333333,0.10641200003181343
18,1,ALL,V,All,0.5219726400827103,-1.522153731807354,2.369313500176567,10,3625,88.66666666666666,0.024459770114942526
18,1,PA,V,All,0.49191246571528446,-1.52091210342877,2.413950877457403,1,1517,67.16666666666667,0.04427598330037355
18,1,V,V,All,NA,NA,NA,0,0,0,NA
18,1,PE,V,All,0.4537846398860369,-1.5001666159009563,2.378594536414264,9,1697,1.5,8.839127872716559e-4
18,1,ALL,PE,All,0.5814294024122452,0.3867353702904806,0.7679643927743672,204,117559.33333333333,11098.666666666666,0.09440906435899035
18,1,PA,PE,All,0.4054301229616509,0.23768981950139012,0.5729588206542213,195,74643.33333333333,4459.833333333333,0.0597485821462064
18,1,V,PE,All,0.3136132864098226,-1.6781120325074237,2.2229403611276357,9,51,1.5,0.029411764705882353
18,1,PE,PE,All,0.7017673662441014,0.4217735861179515,0.9576427894013512,145,41847,6511.166666666667,0.1555945866290694
18,1,ALL,ALL,Day,0.7029580121779438,0.12432101762381531,1.2150011042095672,161,80549.33333333333,14967.5,0.18581780109911938
18,1,PA,ALL,Day,0.40713765349485725,-0.3454474523512154,1.0878208473435285,154,43759.333333333336,8982.666666666666,0.20527430338670605
18,1,V,ALL,Day,0.47002235343362303,-1.4436140166494558,2.3449676113679288,10,51,88.66666666666666,1.7385620915032678
18,1,PE,ALL,Day,0.7457678575974561,0.2131058871746092,1.2427824896085569,161,36297,9544,0.2629418409234923
18,1,ALL,PA,Day,0.2043154606020734,-0.6347034202189398,0.9643023160978248,154,79656.33333333333,8982.666666666666,0.1127677648565295
18,1,PA,PA,Day,0.7116173082404783,-0.4080578925884074,1.6708958778053131,31,42260.666666666664,5878.333333333333,0.1390970327018031
18,1,V,PA,Day,0.5491091505037818,-1.4171530788585116,2.4193977897791066,1,41,67.16666666666667,1.6382113821138213
18,1,PE,PA,Day,-8.287065544593658e-4,-0.893521600870925,0.7500512475198567,152,35785,3576,0.09993013832611429
18,1,ALL,V,Day,0.5396396549026706,-1.4354088364584996,2.4330335641931318,10,3625,88.66666666666666,0.024459770114942526
18,1,PA,V,Day,0.5425363909891262,-1.4550686330564688,2.4352300886661142,1,1517,67.16666666666667,0.04427598330037355
18,1,V,V,Day,NA,NA,NA,0,0,0,NA
18,1,PE,V,Day,0.5096712048109981,-1.4249688545986616,2.3436993677461,9,1697,1.5,8.839127872716559e-4
18,1,ALL,PE,Day,0.9645442740580551,0.5403357951985513,1.3414180613245874,161,80549.33333333333,9544,0.11848639343176853
18,1,PA,PE,Day,0.9440283811224466,0.4837746513677821,1.393701859688419,152,43759.333333333336,3576,0.08171970931915476
18,1,V,PE,Day,0.311034963146249,-1.64328813328138,2.2664926891705064,9,51,1.5,0.029411764705882353
18,1,PE,PE,Day,0.9029810061044962,0.41881532161465934,1.3038105086218188,124,35721,5840.333333333333,0.16349859559736102
18,1,ALL,ALL,Night,-0.035017570672907505,-0.3729448732810316,0.22976426715821338,42,30760,5817.5,0.1891254876462939
18,1,PA,ALL,Night,-0.11543178088439304,-0.46973859944137153,0.1867659416737136,42,25763,5281.333333333333,0.2049968300793127
18,1,V,ALL,Night,NA,NA,NA,0,0,0,NA
18,1,PE,ALL,Night,0.49094980943094924,-0.134905051004157,0.9964113802947226,38,4997,1216.1666666666667,0.24337936094990328
18,1,ALL,PA,Night,-0.08415858246277663,-0.4217125858820956,0.20401637342218065,42,30760,5281.333333333333,0.17169484178586908
18,1,PA,PA,Night,0.21152726637232055,-0.2876213473263815,0.6097217781613615,24,4253.666666666667,1058.6666666666667,0.24888331635451766
18,1,V,PA,Night,NA,NA,NA,0,0,0,NA
18,1,PE,PA,Night,-0.16405418756586326,-0.7507894282127531,0.29247342767721785,38,4997,680,0.13608164898939365
18,1,ALL,V,Night,NA,NA,NA,0,0,0,NA
18,1,PA,V,Night,NA,NA,NA,0,0,0,NA
18,1,V,V,Night,NA,NA,NA,0,0,0,NA
18,1,PE,V,Night,NA,NA,NA,0,0,0,NA
18,1,ALL,PE,Night,1.2275791192341525,0.6110122608380912,1.8309822675564529,38,30701,1216.1666666666667,0.0396132590686514
18,1,PA,PE,Night,0.5497883792938079,0.018046013287423404,1.055938036995693,38,25704,680,0.026455026455026454
18,1,V,PE,Night,NA,NA,NA,0,0,0,NA
18,1,PE,PE,Night,2.612289584678657,1.2699834387463975,2.9842326250120497,16,4997,536.1666666666666,0.10729771196050963
18,0,ALL,ALL,All,-0.10543667698736105,-0.31612772604060435,0.07433628711067036,221,118570.33333333333,22703.833333333332,0.19147988113946435
18,2,ALL,ALL,All,-0.024604832508173993,-0.2883325007436338,0.19996951234442337,195,115035.33333333333,22194.666666666668,0.1929378220025152
18,0,ALL,ALL,Day,-0.1227226392137896,-0.39218727239888185,0.10658283302673155,174,81501.33333333333,15101.5,0.18529144717468837
18,2,ALL,ALL,Day,0.899006685928792,0.03588107469891279,1.6961485867453598,148,77966.33333333333,14592.333333333332,0.18716198017092847
18,0,ALL,ALL,Night,0.030728288548213065,-0.3204157171939821,0.3205936980014507,47,37069,7602.333333333333,0.20508601077270314
18,2,ALL,ALL,Night,-0.03171970953973352,-0.3931575773660969,0.26095033138276225,42,30760,5817.5,0.1891254876462939
19,1,ALL,ALL,All,1.1615325068228475,0.8638127958790451,1.4329467230560045,167,87085.33333333333,23970.666666666668,0.27525492237498855
19,1,PA,ALL,All,0.9338816892696512,0.6380121469681042,1.2086068601953837,164,30220.5,9966.833333333334,0.3298037204325982
19,1,V,ALL,All,-0.14802236386256296,-0.5731517013995586,0.20971569645903437,79,1819,1750.6666666666667,0.962433571559465
19,1,PE,ALL,All,1.7521818912233198,1.4291303338417318,2.0596378543993197,167,54423.833333333336,21438.5,0.3939174932550996
19,1,ALL,PA,All,0.6162975257292614,0.275339354272163,0.935587108521978,164,85656.83333333333,9966.833333333334,0.11635771421233178
19,1,PA,PA,All,2.936965441550706,2.6360473902693857,2.997648168728334,17,25081.5,460.3333333333333,0.018353500920333048
19,1,V,PA,All,0.33128105831898247,-0.5244909240315758,0.9836048399061508,29,1799,1350.8333333333333,0.7508801185843987
19,1,PE,PA,All,2.1564119121945247,1.7097709455857377,2.5660926026278834,140,53563.333333333336,7790.166666666667,0.14543842180596178
19,1,ALL,V,All,0.42048210494704136,0.15420537449677074,0.6710155909353432,79,37692.833333333336,1750.6666666666667,0.046445610792502555
19,1,PA,V,All,0.583338499073083,0.008573490261151586,1.0128074179844115,29,10545.5,1350.8333333333333,0.12809571223112542
19,1,V,V,All,2.6788233526498013,2.053102391333049,2.9800021495608573,20,1799,275,0.1528627015008338
19,1,PE,V,All,1.9940915238919208,1.7553258818777944,2.1967222798551274,70,24968.333333333332,124.83333333333333,0.004999666243908951
19,1,ALL,PE,All,1.664154941553282,1.3917516620609511,1.915845995036977,167,87085.33333333333,21438.5,0.2461780782068163
19,1,PA,PE,All,2.337160814086225,2.030327172909372,2.6192063264052763,140,30220.5,7790.166666666667,0.2577775571769715
19,1,V,PE,All,2.9351117610336903,2.6921262449015724,2.9975477435043976,70,1819,124.83333333333333,0.06862745098039215
19,1,PE,PE,All,1.1200682497520071,0.8115522546542652,1.4079333808926207,125,54423.833333333336,13057.833333333334,0.23992858520929863
19,1,ALL,ALL,Day,1.385830584902133,0.6798280953033072,2.037302741593789,119,61973.666666666664,20525,0.3311890534151602
19,1,PA,ALL,Day,1.5096280992226547,0.8059970542979238,2.1651483736892643,117,17925.333333333332,8635.166666666666,0.4817297679262124
19,1,V,ALL,Day,1.4107966813796202,0.16904922323353005,2.4871934820541277,57,1675.6666666666667,1529.8333333333333,0.9129699622040978
19,1,PE,ALL,Day,0.8920661886305058,0.15925087360097107,1.5251623067196356,119,41750.666666666664,18211.5,0.43619662759876093
19,1,ALL,PA,Day,0.927869763136315,0.027853328319499597,1.7633058830372639,117,60565.666666666664,8635.166666666666,0.1425752764217351
19,1,PA,PA,Day,2.145120020060424,0.5580862873707927,2.9543585776565453,9,24591.333333333336,460.3333333333333,0.018719332013988666
19,1,V,PA,Day,0.8761971683594277,-0.496543602325191,2.1524969597456933,23,1665.6666666666667,1147.1666666666667,0.688713227936762
19,1,PE,PA,Day,0.5836019192714293,-0.3394744636343961,1.4423659167662533,96,40910.666666666664,6677.166666666667,0.16321334289345893
19,1,ALL,V,Day,1.571188702308579,1.2272620804164185,1.844602634898463,57,33988.666666666664,1529.8333333333333,0.04501010140635114
19,1,PA,V,Day,0.9322624019401742,0.24329509972357655,1.462356443908133,23,9317.333333333334,1147.1666666666667,0.12312178019461935
19,1,V,V,Day,2.5734532834590063,1.8537954786671116,2.9659710773552512,19,1747,275,0.15741270749856898
19,1,PE,V,Day,1.6254940393466364,1.3015965006561536,1.888591915930367,53,22994.333333333332,124.83333333333333,0.005428873780496645
19,1,ALL,PE,Day,1.0025790476501322,0.492536994967939,1.4185388771367413,119,61973.666666666664,18211.5,0.29385868191328574
19,1,PA,PE,Day,1.0698195608017114,0.5104127748586007,1.546036779779257,96,17925.333333333332,6677.166666666667,0.37249888426063676
19,1,V,PE,Day,-0.057208195394708804,-1.6974917376845595,1.4053405464836324,53,1688,124.83333333333333,0.07395339652448657
19,1,PE,PE,Day,1.0010087363968743,0.5372434414339837,1.4072474636503058,88,42034.333333333336,11042.166666666666,0.26269398824770224
19,1,ALL,ALL,Night,0.9356518499574373,0.38855085544200263,1.4206008314495062,44,22963.666666666668,2907,0.1265912818800714
19,1,PA,ALL,Night,-0.6808289295096734,-1.2267334527262488,-0.179035782948864,43,11350.166666666666,991,0.08731149322330069
19,1,V,ALL,Night,0.0751311944713804,-0.988737072589345,0.9882478492764772,19,81.33333333333333,102.66666666666667,1.2622950819672132
19,1,PE,ALL,Night,2.923127369876528,2.6076305389449423,2.9968893391172,44,11532.166666666666,2806.5,0.2433627679100487
19,1,ALL,PA,Night,-0.4577265036871708,-0.9664263205415741,-0.05779733492806963,43,22943.166666666668,991,0.043193688752642394
19,1,PA,PA,Night,NA,NA,NA,4,58.66666666666667,0,0
19,1,V,PA,Night,0.5601641257513452,-1.2479475191672498,2.3391968435284105,5,81.33333333333333,100.5,1.2356557377049182
19,1,PE,PA,Night,2.0365134277231327,1.5282532537288853,2.4719496740276177,42,11511.666666666666,890.5,0.0773563051976256
19,1,ALL,V,Night,0.5228775288925777,-1.3569819896037636,2.407549073617121,19,1754.1666666666667,102.66666666666667,0.058527315914489314
19,1,PA,V,Night,0.5597348051257307,-1.41439385807366,2.398142993392475,5,448.16666666666663,100.5,0.22424693194496098
19,1,V,V,Night,NA,NA,NA,0,0,0,NA
19,1,PE,V,Night,NA,NA,NA,14,941,0,0
19,1,ALL,PE,Night,2.945508551810831,2.713412016827163,2.9974999762802126,44,22963.666666666668,2806.5,0.12221480309474386
19,1,PA,PE,Night,2.920233399600739,2.597080407042934,2.9972926789928622,42,11350.166666666666,890.5,0.07845699769460067
19,1,V,PE,Night,NA,NA,NA,14,69,0,0
19,1,PE,PE,Night,2.799935195706115,2.088892909959326,2.992799467488513,35,11248.5,1817.6666666666667,0.16159191595916494
19,0,ALL,ALL,All,1.0186271143124423,0.7769634387169096,1.233642724987616,195,88658.33333333333,24582,0.2772666604004136
19,2,ALL,ALL,All,1.1316124404693024,0.8374064904704602,1.403673465536879,161,84189.33333333333,22418.5,0.26628670298691837
19,0,ALL,ALL,Day,0.9200676651326662,0.5582089654015675,1.2189753293471304,147,63546.666666666664,21136.333333333332,0.33261120436424674
19,2,ALL,ALL,Day,1.3352634927736822,0.6222763020487483,1.9505133509012929,113,59077.666666666664,18972.833333333332,0.3211506886415058
19,0,ALL,ALL,Night,1.0338497830271611,0.534724965151348,1.4846209287970895,48,25111.666666666668,3445.6666666666665,0.13721377845622884
19,2,ALL,ALL,Night,1.0076389314933314,0.48584786067753594,1.4838772448723305,26,21015.666666666668,2700.1666666666665,0.12848351230034735
20,1,ALL,ALL,All,-0.1568790595817182,-0.35498067837798303,0.029693255410191258,305,102281.66666666667,16856.166666666668,0.16480144698463395
20,1,PA,ALL,All,-0.40260525860613755,-0.5896022087075878,-0.22527767160281664,288,33210.5,4301.833333333333,0.12953232662360797
20,1,V,ALL,All,-1.1587022473208572,-2.7269280543342966,0.6971107025480623,13,170,7,0.041176470588235294
20,1,PE,ALL,All,-0.0783903240603972,-0.27024459844653415,0.10298372951898069,305,68057.16666666667,16373.5,0.24058450861163286
20,1,ALL,PA,All,-0.05306405640754469,-0.20242177836787414,0.08085208116390127,288,99197,4301.833333333333,0.04336656686526138
20,1,PA,PA,All,2.1026885064093443,1.6447955293314493,2.533322215286383,160,32819.5,389.1666666666667,0.011857787798920359
20,1,V,PA,All,-1.874338151089682,-2.913950279044574,-0.24970093395929271,11,170,7,0.041176470588235294
20,1,PE,PA,All,0.02321635878003451,-0.11167706126585218,0.14616995611013775,287,65720.5,3819.1666666666665,0.05811225822485627
20,1,ALL,V,All,0.5268021244997085,-1.4369470839035368,2.339612000762434,13,6213,7,0.0011266698857234831
20,1,PA,V,All,0.47517145136343375,-1.447248606980371,2.276638883340939,11,2919,7,0.002398081534772182
20,1,V,V,All,NA,NA,NA,0,0,0,NA
20,1,PE,V,All,NA,NA,NA,2,2368,0,0
20,1,ALL,PE,All,-0.07962019680969361,-0.2718121719907768,0.10268660057664526,305,102281.66666666667,16373.5,0.16008245205233912
20,1,PA,PE,All,-0.283089369430127,-0.4447314319410362,-0.12377274243511566,287,33210.5,3819.1666666666665,0.11499877046917892
20,1,V,PE,All,NA,NA,NA,2,128,0,0
20,1,PE,PE,All,-0.17954208706456515,-0.4528889701156693,0.0704734592409566,142,66879.16666666667,12289.166666666666,0.18375179116565943
20,1,ALL,ALL,Day,1.3502411253167776,0.7869728154365181,1.8722217166037258,199,73247.5,12541.166666666666,0.1712163099992036
20,1,PA,ALL,Day,1.219169944614523,0.6111936304082624,1.7813624583203826,183,21084.666666666668,3048.5,0.14458374173965283
20,1,V,ALL,Day,NA,NA,NA,0,0,0,NA
20,1,PE,ALL,Day,1.101995924990435,0.5618610967950384,1.6265096224363613,199,51414.833333333336,12364.666666666666,0.24048831562875822
20,1,ALL,PA,Day,1.0517194108433743,0.623877639121868,1.464506283572931,183,70205.5,3048.5,0.043422523876334475
20,1,PA,PA,Day,2.96497692473549,2.8118172097066667,2.998401873001985,109,20779.833333333332,176.5,0.008493812109497189
20,1,V,PA,Day,NA,NA,NA,0,0,0,NA
20,1,PE,PA,Day,1.1687884452013204,0.7414663291311426,1.57722120589563,183,49120.833333333336,2872,0.058468063448977856
20,1,ALL,V,Day,NA,NA,NA,0,0,0,NA
20,1,PA,V,Day,NA,NA,NA,0,0,0,NA
20,1,V,V,Day,NA,NA,NA,0,0,0,NA
20,1,PE,V,Day,NA,NA,NA,0,0,0,NA
20,1,ALL,PE,Day,0.9712097649870599,0.5262389039860097,1.3508454203390576,199,73247.5,12364.666666666666,0.16880667144498673
20,1,PA,PE,Day,0.9137596873995775,0.3747592906206134,1.35491356530288,183,21084.666666666668,2872,0.13621272962974673
20,1,V,PE,Day,NA,NA,NA,0,0,0,NA
20,1,PE,PE,Day,0.8223418014676263,0.371965478429785,1.2243676493106397,83,49468.833333333336,9157.333333333334,0.18511318574321206
20,1,ALL,ALL,Night,-0.7653371081577602,-1.1620198631108953,-0.40844875811127473,79,25912.166666666668,3795,0.14645629787808814
20,1,PA,ALL,Night,-0.9978269375444919,-1.312856025830411,-0.719243802039191,78,11058.833333333334,1052,0.0951275752415113
20,1,V,ALL,Night,-1.118854094385216,-2.7382630875448126,0.6489587196448705,13,170,7,0.041176470588235294
20,1,PE,ALL,Night,-0.5805813890520615,-1.013642717592692,-0.19963583320270012,79,14587.333333333334,3488.8333333333335,0.23916868516064166
20,1,ALL,PA,Night,-0.25277362756759686,-0.47150713597294713,-0.06555060711565132,78,25869.5,1052,0.040665648736929585
20,1,PA,PA,Night,2.8644076873629682,2.329736438536814,2.995546651733691,45,10972.666666666666,212.66666666666666,0.01938149340786196
20,1,V,PA,Night,-1.8874706907336463,-2.9084941305416274,-0.3702342317821151,11,170,7,0.041176470588235294
20,1,PE,PA,Night,-0.21619316189468993,-0.4355388919088264,-0.03586179434615534,77,14544.666666666666,745.8333333333334,0.05127881926937709
20,1,ALL,V,Night,0.5026059314081768,-1.425072426058484,2.3975324743502653,13,6213,7,0.0011266698857234831
20,1,PA,V,Night,0.5210086257387567,-1.4393382241311778,2.371624768250113,11,2919,7,0.002398081534772182
20,1,V,V,Night,NA,NA,NA,0,0,0,NA
20,1,PE,V,Night,NA,NA,NA,2,2368,0,0
20,1,ALL,PE,Night,-0.7943090831666471,-1.184847598688083,-0.4086303340677461,79,25912.166666666668,3488.8333333333335,0.13464074147922792
20,1,PA,PE,Night,-0.8754063480908758,-1.104914735617626,-0.6463163891055264,77,11058.833333333334,745.8333333333334,0.0674423160972375
20,1,V,PE,Night,NA,NA,NA,2,128,0,0
20,1,PE,PE,Night,-0.6946587704367502,-1.2145920974055324,-0.2044556019601678,36,15366.333333333334,2814.3333333333335,0.18314930909564198
20,0,ALL,ALL,All,-0.05259331040846455,-0.22405479156604213,0.10865790477255678,333,103809.66666666667,17107.166666666668,0.1647935805592928
20,2,ALL,ALL,All,-0.1752403038701686,-0.3771429271240346,0.010717500908120759,288,99178.66666666667,16229.5,0.16363902183265217
20,0,ALL,ALL,Day,0.793398708757688,0.489352692323258,1.0631172805610196,227,74775.5,12792.166666666666,0.17107430464078027
20,2,ALL,ALL,Day,1.3722655130589354,0.7899711397127607,1.9065729345179447,182,70144.5,11914.5,0.16985651048906186
20,0,ALL,ALL,Night,-0.5220001801579958,-0.8041814293589814,-0.2467229926277067,106,29034.166666666668,4315,0.148618007519876
20,2,ALL,ALL,Night,-0.7862713175456172,-1.2094823273671897,-0.43356280939884934,71,23463.166666666668,3462.8333333333335,0.14758593256096433
21,1,ALL,ALL,All,-0.021593419047032106,-0.22714355814777903,0.15170283270186244,315,145605,33709.5,0.23151334088801895
21,1,PA,ALL,All,-0.46304015554753675,-0.747596807457569,-0.18453575437807102,299,85442.5,21621.833333333332,0.2530571241868313
21,1,V,ALL,All,-0.13966905794856638,-0.35197113641748434,0.047239165131311156,209,4485.5,1915.1666666666667,0.42696837959350503
21,1,PE,ALL,All,0.032938479118871156,-0.13613462097244525,0.19741900697690468,315,55281,17755,0.32117725800908087
21,1,ALL,PA,All,-0.01401900002411749,-0.28520031823861763,0.2304936067197801,299,144456,21621.833333333332,0.14967764117332152
21,1,PA,PA,All,-0.18758528960514087,-0.5020857040816672,0.06175615960667343,75,85442.5,14246.166666666666,0.16673396338668303
21,1,V,PA,All,2.6814307253260248,2.2546635001384403,2.9739874736981786,91,4355,1576.3333333333333,0.3619594336012246
21,1,PE,PA,All,0.11560550784953907,-0.145181503510013,0.3220226867286786,260,54572.5,5793.833333333333,0.10616763632476674
21,1,ALL,V,All,-0.18940665294238346,-0.3533579351909929,-0.030856046374415916,209,78287.16666666667,1915.1666666666667,0.024463353934127133
21,1,PA,V,All,1.6027575838504728,1.1518690030673617,1.9631269078666818,91,39204.666666666664,1576.3333333333333,0.04020779839134797
21,1,V,V,All,1.419882573144743,0.3579384173637402,2.0670161856824505,43,4439.5,50.50000000000001,0.011375154859781508
21,1,PE,V,All,-0.9916361506952175,-1.1142146318494137,-0.8688300782733209,161,33654,282.3333333333333,0.008389294982270557
21,1,ALL,PE,All,0.18482873320435128,0.049489238395028064,0.3040983898861905,315,145605,17755,0.12193949383606333
21,1,PA,PE,All,0.2319212560233998,0.05585977179208259,0.4227835224001122,260,85442.5,5793.833333333333,0.06780973559216237
21,1,V,PE,All,-1.4332745400551368,-1.5777709159460147,-1.2165941128002182,161,4485.5,282.3333333333333,0.06294355887489317
21,1,PE,PE,All,0.7164134372185577,0.5015327363942488,0.9064585028870232,202,55281,11631.833333333334,0.21041286035587875
21,1,ALL,ALL,Day,-0.16620403228894237,-0.7997842219602711,0.4318252734941931,228,99489.16666666667,24652.833333333332,0.2477941484416226
21,1,PA,ALL,Day,-0.34835235070159853,-1.0890046720269715,0.4072814710247776,221,49585.666666666664,13594.5,0.27416188818005205
21,1,V,ALL,Day,0.4465433092595025,-0.625421360455305,1.5337632916493609,131,3348,1371.1666666666667,0.4095479888490641
21,1,PE,ALL,Day,-0.20134572084145286,-0.8393837836772762,0.4198779840575688,228,46159.5,15778.666666666666,0.34182923702957496
21,1,ALL,PA,Day,0.10269989546966288,-0.7113957364432941,0.8965440019658951,221,98776.16666666667,13594.5,0.13762935390959694
21,1,PA,PA,Day,0.0744133644719513,-1.1980628655710994,1.1658840652074536,46,54501.666666666664,8251.166666666666,0.15139292376379926
21,1,V,PA,Day,0.2649177084363161,-1.2210572047369577,1.7421285807314024,49,3302,1163.6666666666667,0.3524126791843328
21,1,PE,PA,Day,0.006391094415420712,-0.7876277143732411,0.7702673769810758,196,46308.5,4886.5,0.1055205847738536
21,1,ALL,V,Day,1.3650012656443402,0.9661832244971114,1.7298902881530678,131,62590.333333333336,1371.1666666666667,0.02190700374392212
21,1,PA,V,Day,1.3786664007287852,0.6022781702546642,2.1489543106516544,49,29835.833333333332,1163.6666666666667,0.03900231824148815
21,1,V,V,Day,-0.5751016650223637,-2.21602296331033,1.1164736811839362,28,3343,50.50000000000001,0.015106192043075084
21,1,PE,V,Day,1.265408462383004,0.9338914329757039,1.5511333931202147,112,28623.833333333332,151,0.0052753241762400795
21,1,ALL,PE,Day,0.6625892063840851,0.3283670406608717,0.9690632017947571,228,99489.16666666667,15778.666666666666,0.1585968321509042
21,1,PA,PE,Day,0.2576000037643539,-0.23350754206604551,0.6945471713533431,196,50597.666666666664,4886.5,0.09657559966533372
21,1,V,PE,Day,-1.9107722083890322,-2.536118995642578,-1.191969920727981,112,3385,151,0.04460856720827179
21,1,PE,PE,Day,0.3850948858820656,0.04332971482935882,0.6806988236126051,160,46825.833333333336,10790,0.23042836041358936
21,1,ALL,ALL,Night,-0.13229836335599493,-0.4192139860123536,0.10168936131160543,76,41757.833333333336,8264.166666666668,0.19790697952879102
21,1,PA,ALL,Night,-0.8390162990985778,-1.4131447734053437,-0.3584887852103437,67,33040.833333333336,7312.666666666667,0.2213221014401372
21,1,V,ALL,Night,-0.10830528957013554,-0.39966338573113824,0.14210546401558383,67,819.5,413.3333333333333,0.5043725849094977
21,1,PE,ALL,Night,-0.24318475398489836,-0.5388742516426612,-0.003863575832286193,76,7897.5,1765.8333333333333,0.22359396433470508
21,1,ALL,PA,Night,0.09949994721623226,-0.1986376146691396,0.32407628438940805,67,41321.833333333336,7312.666666666667,0.1769685920679544
21,1,PA,PA,Night,0.27790291625460906,-0.1457848708480282,0.6205740104611227,28,2732.8333333333335,772.3333333333333,0.28261267304994814
21,1,V,PA,Night,2.9639978355779775,2.792468856828988,2.9984688359969685,36,705,277,0.39290780141843973
21,1,PE,PA,Night,0.12044396308447994,-0.19222558646734506,0.3670860054249691,57,7113,790.3333333333334,0.11111111111111112
21,1,ALL,V,Night,-0.18988865227708046,-0.4018069609409812,0.030499441687759497,67,11338.833333333334,413.3333333333333,0.036452897858392244
21,1,PA,V,Night,1.9271710079935231,1.3077321165392997,2.3741274919306146,36,6112.833333333333,277,0.045314502276631134
21,1,V,V,Night,NA,NA,NA,9,748.5,0,0
21,1,PE,V,Night,-0.9991478029124476,-1.277029927108361,-0.7149921011918188,38,3806.1666666666665,123,0.03231597845601437
21,1,ALL,PE,Night,-0.020919059738000692,-0.17369111166332526,0.13865415034745374,76,41757.833333333336,1765.8333333333333,0.04228747500468973
21,1,PA,PE,Night,1.74770393985008,1.3421524572442387,2.1907202329325206,57,31720.833333333332,790.3333333333334,0.02491527650072245
21,1,V,PE,Night,-1.6154716158607259,-1.8669923663248347,-1.18546805083209,38,782.5,123,0.15718849840255592
21,1,PE,PE,Night,1.5569885042515206,0.6948432296675615,2.1890854533515656,35,7304.166666666667,714.5,0.09782087849401026
21,0,ALL,ALL,All,-0.07840747654948865,-0.2370958194303722,0.07008214128120864,344,147073,34107.833333333336,0.23191091045489884
21,2,ALL,ALL,All,-0.0039414185720962475,-0.21631437752921245,0.1776012238663568,291,142144,32581.833333333332,0.22921708502176197
21,0,ALL,ALL,Day,-0.11518656092186003,-0.3529393134740745,0.0914036395975091,257,100957.16666666667,25051.166666666664,0.24813658597788169
21,2,ALL,ALL,Day,0.14216994132764854,-0.7237078583222948,0.946776919414437,204,96028.16666666667,23525.166666666664,0.2449819410624313
21,0,ALL,ALL,Night,-0.12179600082927175,-0.39917795372712495,0.10706477342112751,87,46115.833333333336,9056.666666666668,0.1963895263738051
21,2,ALL,ALL,Night,-0.11930334841737925,-0.40601085121094177,0.11805868892859506,71,38424.833333333336,7690.333333333334,0.20013966662184612
