ward_id,popcut,this_status,that_status,this_boundary,Period,lines,formmin,breakmin,mean_intensity,phi_median,phi_best,phi_lo,phi_hi
0,0,ALL,ALL,8,Day,2860,1030871.8333333334,264476.1666666667,0.2565558182063047,0.024380326259690166,0.026378334989534992,-0.043267764135189804,0.09420845347170605
0,10,ALL,ALL,8,Day,2854,1030747.8333333334,264453.6666666667,0.25656485331766404,0.02153446831064127,0.021114810073327023,-0.05151544920766015,0.09051301534052195
0,20,ALL,ALL,8,Day,2830,1029184.8333333334,264141.1666666667,0.2566508542602244,0.006411249324746036,0.007843969581182747,-0.06750830875246316,0.0823338121159028
0,0,ALL,ALL,8,Night,955,344030.1666666667,69065.33333333333,0.2007537129738138,-0.1201837930207451,-0.11828203890260017,-0.1948934588031595,-0.05096559054369776
0,10,ALL,ALL,8,Night,883,342903.1666666667,68721,0.2004093478285172,-0.17340983224400838,-0.17443052586305435,-0.2630897660342484,-0.08740287993751573
0,20,ALL,ALL,8,Night,795,337780.5,67438.5,0.19965184491111831,-0.16293890676537232,-0.1622641884355044,-0.2541448208081899,-0.08043421578281224
0,0,ALL,ALL,-1,All,3815,1374902,333541.5,0.24259292662313386,-0.004592457086444961,-0.0035604287262569582,-0.04609870989657153,0.04062265330015103
0,10,ALL,ALL,-1,All,3737,1373651,333174.6666666667,0.2425468089541424,-0.026068760352336264,-0.024210101520861366,-0.07319445843552361,0.02461543730152986
0,20,ALL,ALL,-1,All,3625,1366965.3333333333,331579.6666666667,0.2425662586907837,-0.028559104763325113,-0.028129899210679595,-0.08011411728950821,0.02051339254089237
0,10,ALL,ALL,4,Day,2351,804292.6666666666,206063.33333333334,0.25620441646863207,0.14749187840713712,0.1484006624083614,0.07166265688674896,0.22146286617548985
0,10,ALL,ALL,6,Day,2702,959046.3333333334,243081.66666666666,0.25346185915939407,0.14952368666828966,0.15029545887914753,0.07445858737973712,0.22414481399167516
0,10,ALL,ALL,10,Day,2546,1086119.8333333333,259527.5,0.23894923196780468,-0.06518307521045315,-0.06727847364475863,-0.12733913727629706,-0.010053565787016397
0,10,ALL,ALL,4,Night,1386,569358.3333333334,127111.33333333333,0.22325366274900105,-0.13464241709992597,-0.13590859142610473,-0.20328532093427487,-0.06959642261100944
0,10,ALL,ALL,6,Night,1035,414604.6666666667,90093,0.2172985671491075,-0.15756663170533902,-0.15697807946289216,-0.23411499630638805,-0.08354344846696168
0,10,ALL,ALL,10,Night,1191,287531.1666666667,73647.16666666667,0.2561362913121882,0.11059272575658888,0.11521688299053068,0.009131463835138909,0.21211097905251702
1,0,ALL,ALL,8,Day,226,99516.5,41348.83333333333,0.4154972625979946,0.11509954044935729,0.12763344422748826,-0.5044925147397846,0.6531133628044528
1,10,ALL,ALL,8,Day,226,99516.5,41348.83333333333,0.4154972625979946,0.11263589285133514,0.12769102586239875,-0.4624138591006394,0.6613637230006029
1,20,ALL,ALL,8,Day,226,99516.5,41348.83333333333,0.4154972625979946,0.09552988808564562,0.12770183627014192,-0.4700189410386085,0.6288300438635561
1,0,ALL,ALL,8,Night,110,33383.333333333336,12871.666666666666,0.38557164253619564,-0.38546894271589444,-0.37775464049977286,-0.6550738253484647,-0.14854119572548974
1,10,ALL,ALL,8,Night,103,33256.333333333336,12798.166666666666,0.3848339664625284,-0.49218190642079473,-0.4799378528406805,-0.8194695694654242,-0.21292859292319202
1,20,ALL,ALL,8,Night,98,32963.333333333336,12711.666666666666,0.3856304985337243,-0.5586029028553625,-0.543324831365842,-0.905661180669549,-0.25073724688370413
1,0,ALL,ALL,-1,All,336,132899.83333333334,54220.5,0.40798019561098015,-0.22057272590515617,-0.2118753673439419,-0.39412498127744233,-0.060726995820127465
1,10,ALL,ALL,-1,All,329,132772.83333333334,54147,0.40781686012575363,-0.24735173408518704,-0.2416179348993313,-0.4460926007824554,-0.05972927893269193
1,20,ALL,ALL,-1,All,324,132479.83333333334,54060.5,0.40806588172539465,-0.2784455576054012,-0.27447895848381726,-0.4905398390789812,-0.09804868685268155
1,10,ALL,ALL,4,Day,220,74773.33333333333,30803,0.41195167617689016,0.5150488803912654,0.5193053183133464,0.21855686874674474,0.7712519522720452
1,10,ALL,ALL,6,Day,246,89414.33333333333,36389.166666666664,0.40697240934525786,0.5090157780160337,0.5183665567611592,0.2126023940519086,0.7549181248694758
1,10,ALL,ALL,10,Day,225,93181.83333333333,39808.166666666664,0.4272095240309717,-0.5263697763364602,-0.5197054524178977,-0.7974118311958553,-0.2810518045327872
1,10,ALL,ALL,4,Night,109,57999.5,23344,0.40248622832955455,-0.6634752533115199,-0.6536970643430356,-1.0022979421934441,-0.3700204266893296
1,10,ALL,ALL,6,Night,83,43358.5,17757.833333333332,0.4095582949902172,-0.6843673291768819,-0.6668470933593215,-1.0253808649018843,-0.3683550741463044
1,10,ALL,ALL,10,Night,104,39591,14338.833333333334,0.3621740631288256,0.26205059428806937,0.27361436516080334,-0.057134008596977835,0.5338478296884173
2,0,ALL,ALL,8,Day,225,73950.33333333333,18155.833333333332,0.2455138809381071,0.09220564898268394,0.10153796981120443,-0.09599318902932964,0.2684439389763171
2,10,ALL,ALL,8,Day,219,73826.33333333333,18133.333333333332,0.2456214810433495,0.06802885192686016,0.0778692491407012,-0.16307898591211933,0.2703779632490151
2,20,ALL,ALL,8,Day,211,73537.33333333333,18106,0.24621507442931484,-0.02227357503966217,-0.01328415884325937,-0.2797595757787238,0.20930241591748713
2,0,ALL,ALL,8,Night,14,22105.666666666668,2767.1666666666665,0.12517906419168537,-0.6046402642466233,-0.5818693967026701,-1.0387822680489724,-0.24945779766368212
2,10,ALL,ALL,8,Night,14,22105.666666666668,2767.1666666666665,0.12517906419168537,-0.5980120344497513,-0.5817213634243914,-1.035196300741853,-0.24694770066859253
2,20,ALL,ALL,8,Night,14,22105.666666666668,2767.1666666666665,0.12517906419168537,-0.6026511562589907,-0.5818182636275994,-1.0526078294708274,-0.2533847592260714
2,0,ALL,ALL,-1,All,239,96056,20923,0.21782085450154076,-0.06582853523961424,-0.06668427499507472,-0.2423438719951918,0.08836748904075564
2,10,ALL,ALL,-1,All,233,95932,20900.5,0.2178678647375224,-0.10240294372644662,-0.09979999922697892,-0.29590426745263537,0.06013855043014989
2,20,ALL,ALL,-1,All,225,95643,20873.166666666668,0.21824040093542307,-0.16274303026059186,-0.15855877232502913,-0.37223040211370084,0.018133404071607295
2,10,ALL,ALL,4,Day,132,49873.5,10766.666666666666,0.21587950848981255,0.5322214443167992,0.5509955824550634,0.1456016999992023,0.855432348497706
2,10,ALL,ALL,6,Day,162,63644.833333333336,14751.5,0.23177843710801346,0.6227522780075405,0.6297409670060254,0.27998380733745665,0.9261117487700369
2,10,ALL,ALL,10,Day,161,86632,18931.166666666668,0.21852394804075478,-0.23962710487462086,-0.23102340797464876,-0.47021447804555216,-0.04635406966291028
2,10,ALL,ALL,4,Night,101,46058.5,10133.833333333334,0.22002091543001473,-0.18646534014956878,-0.180529756236604,-0.4087998272499946,0.002968803238187217
2,10,ALL,ALL,6,Night,71,32287.166666666668,6149,0.19044718489802448,-0.22586243410574086,-0.2213902054319677,-0.4447919969311082,-0.01463952502896779
2,10,ALL,ALL,10,Night,72,9300,1969.3333333333333,0.2117562724014337,0.7731263345220158,0.7865766069670975,0.20642795297889338,1.1936996743432107
5,0,ALL,ALL,8,Day,170,66024.83333333333,15224,0.23057990806489478,-0.4028116524458837,-0.3914753721964236,-0.6661986770832832,-0.1770938128724085
5,10,ALL,ALL,8,Day,170,66024.83333333333,15224,0.23057990806489478,-0.3988943153730108,-0.39143365148516657,-0.661394297345762,-0.18446555734848027
5,20,ALL,ALL,8,Day,170,66024.83333333333,15224,0.23057990806489478,-0.39058732500320537,-0.3914649804266613,-0.6582508593580031,-0.1840473644633751
5,0,ALL,ALL,8,Night,31,20529,2408.6666666666665,0.11732995599720719,-0.7991790025605139,-0.771739904174943,-1.4368774659121089,-0.33458849760222303
5,10,ALL,ALL,8,Night,28,20443,2373,0.1160788533972509,-0.7592973411444299,-0.7312551548900806,-1.7226800414832155,0.10588779282094912
5,20,ALL,ALL,8,Night,23,20303,2340.1666666666665,0.11526211233151093,-0.4362008784185607,-0.4002563291780362,-1.669372368679886,0.76697951694384
5,0,ALL,ALL,-1,All,201,86553.83333333333,17632.666666666668,0.2037190727158243,-0.37865838676783903,-0.3648720024673368,-0.5932004475029136,-0.18626002889983578
5,10,ALL,ALL,-1,All,198,86467.83333333333,17597,0.20350920477171666,-0.3695719072504272,-0.3581793099034615,-0.5881990061791648,-0.16263169171048078
5,20,ALL,ALL,-1,All,193,86327.83333333333,17564.166666666668,0.20345890761380553,-0.3853898021599779,-0.37101798430884203,-0.6284969363309433,-0.18256976965944235
5,10,ALL,ALL,4,Day,118,51781.666666666664,11954.833333333334,0.2308699990344073,-0.0844472880404199,-0.08859039906289182,-0.51441089401315,0.3139597584849739
5,10,ALL,ALL,6,Day,137,62318.833333333336,14199.5,0.22785246835493816,-0.10321753547364684,-0.07876400132879988,-0.578305900551697,0.31786252906834744
5,10,ALL,ALL,10,Day,119,72978.83333333333,13161.666666666666,0.18034909665587967,-0.5168049922136473,-0.50515325905945,-0.8066251487670659,-0.28751691341961694
5,10,ALL,ALL,4,Night,80,34686.166666666664,5642.166666666667,0.16266330958066857,-0.6017902155263672,-0.5844509047434133,-0.9033802966903711,-0.33870799548475916
5,10,ALL,ALL,6,Night,61,24149,3397.5,0.14068905544743054,-0.6494331265328004,-0.6418852111941629,-0.9560648437675747,-0.3880093416386043
5,10,ALL,ALL,10,Night,79,13489,4435.333333333333,0.3288111300565893,0.45035326570076656,0.46625927328714933,-0.04366569140626318,0.9030716010384933
6,0,ALL,ALL,8,Day,155,60471,19644,0.32484992806469215,-0.03849359174460506,-0.02897915117143568,-0.6056499976735875,0.4475542225392784
6,10,ALL,ALL,8,Day,155,60471,19644,0.32484992806469215,-0.04325946609549619,-0.02900936723936609,-0.636633899901938,0.45646599269218746
6,20,ALL,ALL,8,Day,150,59930,19502.666666666668,0.32542410590132936,-0.15036666140660415,-0.14582907385051083,-0.8503114258699576,0.466068774233705
6,0,ALL,ALL,8,Night,52,17348.166666666668,5152.333333333333,0.2969958400983773,0.9290850637410468,0.9390900564083375,0.6038189062701282,1.1884760445673235
6,10,ALL,ALL,8,Night,45,17244.166666666668,5139.5,0.29804281641134683,2.0376672666848603,2.046882696403101,1.4055653163332054,2.6058894016935668
6,20,ALL,ALL,8,Night,43,16927.166666666668,5027.666666666667,0.2970176146825123,2.7670857505780253,2.9999247219750482,2.156229542060191,2.9889221179766943
6,0,ALL,ALL,-1,All,207,77819.16666666667,24796.333333333332,0.31864043776704537,0.44907782685107417,0.45940205103943044,0.18043731539933022,0.6724223617659405
6,10,ALL,ALL,-1,All,200,77715.16666666667,24783.5,0.3189017158812844,0.3908813506506181,0.39565468756555316,0.05783791493663641,0.6849493364577562
6,20,ALL,ALL,-1,All,193,76857.16666666667,24530.333333333332,0.31916780694925434,0.49208211689108616,0.495520426292022,0.12445933010854131,0.836822061777635
6,10,ALL,ALL,4,Day,135,45884.666666666664,15010.666666666666,0.327139058799599,-0.04713446294110692,-0.03219490415160213,-0.4788617626600677,0.3597193039105664
6,10,ALL,ALL,6,Day,154,55866,17854.166666666668,0.3195891359085431,-0.08055089694724968,-0.06113700754775392,-0.5341409511508735,0.31900246360388934
6,10,ALL,ALL,10,Day,139,65817.16666666667,20788.5,0.3158522472607197,0.7796636618708584,0.7865296636929975,0.3751221065772196,1.1556856404734928
6,10,ALL,ALL,4,Night,65,31830.5,9772.833333333334,0.30702732703957947,1.4236972466347368,1.4387098216342937,0.8571429708075349,1.898571020927831
6,10,ALL,ALL,6,Night,46,21849.166666666668,6929.333333333333,0.3171440558373698,2.224185902649058,2.2522245161593277,1.626280031175209,2.770115968696888
6,10,ALL,ALL,10,Night,61,11898,3995,0.3357707177676921,-0.13332804986465616,-0.07262759022253411,-0.8564923512778191,0.45394467552430784
8,0,ALL,ALL,8,Day,114,54828.5,9339.5,0.17034024275696033,0.22496040200081258,0.23858674931918133,-0.2699555981101456,0.6918952388043748
8,10,ALL,ALL,8,Day,114,54828.5,9339.5,0.17034024275696033,0.22262991264313325,0.23858786224724643,-0.27618167757746354,0.6550518418509724
8,20,ALL,ALL,8,Day,114,54828.5,9339.5,0.17034024275696033,0.22589778363992002,0.23857722885152474,-0.2676487489715949,0.6814862030300584
8,0,ALL,ALL,8,Night,47,18839.666666666664,2051.6666666666665,0.10890143137705904,-0.6139992534628421,-0.5993484711011261,-0.9313542556861738,-0.3167977994015516
8,10,ALL,ALL,8,Night,40,18621.666666666664,1936.8333333333333,0.10400966615949164,-0.6127553529263132,-0.6090340907013061,-1.0674060970664134,-0.2157981810409431
8,20,ALL,ALL,8,Night,33,18405.666666666664,1879.8333333333333,0.10213340094536104,-0.4550140833953112,-0.436857680382821,-0.9255562950335983,-0.04056179540589652
8,0,ALL,ALL,-1,All,161,73668.16666666667,11391.166666666666,0.15462807318403018,-0.19633435213572553,-0.19197538783998344,-0.4371974040189247,-0.014379894445506303
8,10,ALL,ALL,-1,All,154,73450.16666666667,11276.333333333334,0.15352359082461806,-0.10926576482785788,-0.09845793496017557,-0.3706032883816477,0.13537284142636738
8,20,ALL,ALL,-1,All,147,73234.16666666667,11219.333333333334,0.1531980746691549,-0.01921917201527952,-0.009236942327153792,-0.30717826728863534,0.23957537790395383
8,10,ALL,ALL,4,Day,98,44189.833333333336,8293.666666666666,0.18768268719426412,-0.07228547759679493,-0.05448243745405376,-0.5531222143606259,0.3355063983893527
8,10,ALL,ALL,6,Day,108,51668,9196.5,0.17799218084694587,-0.11669689966906682,-0.09830914745677578,-0.5930798472244824,0.2965471585332677
8,10,ALL,ALL,10,Day,102,51841.333333333336,7947.333333333333,0.15330109822278232,-0.07339682868614528,-0.06002312134465061,-0.37462976278601917,0.19183610354107927
8,10,ALL,ALL,4,Night,56,29260.333333333332,2982.6666666666665,0.10193549857030565,-0.4937953869414599,-0.4794110088447132,-0.8723918642124743,-0.1269163670435199
8,10,ALL,ALL,6,Night,46,21782.166666666664,2079.8333333333335,0.09548330821084527,-0.6258940467798828,-0.6097351507626685,-1.06570304030145,-0.22466123966507054
8,10,ALL,ALL,10,Night,52,21608.833333333332,3329,0.15405736851441926,0.03290925956332986,0.050741776967215824,-0.4866373659126325,0.5481755252819339
9,0,ALL,ALL,8,Day,169,65332.166666666664,18681.833333333332,0.28595153484883656,0.05278152142577991,0.055907875329162,-0.5592872568761601,0.5910274579333947
9,10,ALL,ALL,8,Day,169,65332.166666666664,18681.833333333332,0.28595153484883656,0.055720312803373896,0.05592308622651038,-0.5503057850465172,0.6015724039320575
9,20,ALL,ALL,8,Day,169,65332.166666666664,18681.833333333332,0.28595153484883656,0.04550156946246815,0.055981618155434176,-0.5360661697442226,0.5906474401305144
9,0,ALL,ALL,8,Night,64,23227.833333333332,8658.166666666666,0.3727496466164874,0.11854137944517926,0.13160759197423363,-0.19930878326713297,0.380354226812778
9,10,ALL,ALL,8,Night,60,23191.833333333332,8640.333333333334,0.37255930607757043,0.09124023604808522,0.10493569620800688,-0.2784282170000374,0.38350225347691563
9,20,ALL,ALL,8,Night,55,22919.833333333332,8468,0.36946167438681204,0.22653518943476725,0.23323082652895905,-0.1304312446243319,0.5091395800808436
9,0,ALL,ALL,-1,All,233,88560,27340,0.30871725383920506,-0.04601786577688304,-0.04060358105293459,-0.2809498851651816,0.1623847367971723
9,10,ALL,ALL,-1,All,229,88524,27322.166666666668,0.3086413477324417,-0.0727659547714607,-0.0603578780887363,-0.3538312547858591,0.16201515612222872
9,20,ALL,ALL,-1,All,224,88252,27149.833333333332,0.3076398646300745,0.045176349594482086,0.05658714287181256,-0.20494177595162957,0.2711099393276943
9,10,ALL,ALL,4,Day,166,53517.333333333336,16059.333333333334,0.30007723354427224,-0.2897167201953531,-0.28256883942981403,-0.6981097426042936,0.07806599408486217
9,10,ALL,ALL,6,Day,186,62262.833333333336,18256.166666666668,0.2932113058352093,-0.2874179962036645,-0.2756198954095984,-0.6926398371775204,0.079556100050589
9,10,ALL,ALL,10,Day,152,73380,22245.5,0.3031548105750886,0.04837275138528524,0.05677587569242393,-0.23633944601179038,0.29076064599313123
9,10,ALL,ALL,4,Night,63,35006.666666666664,11262.833333333334,0.3217339554370596,0.06748581408922348,0.08540075701824722,-0.2989757638514334,0.3573023245681919
9,10,ALL,ALL,6,Night,43,26261.166666666668,9066,0.3452245711348188,0.14999237554686065,0.16535544741782107,-0.2238049802250061,0.44433965468257103
9,10,ALL,ALL,10,Night,77,15144,5076.666666666667,0.33522627223102663,-0.2867629944250039,-0.2701009920886829,-0.788708846159242,0.1618243241436363
12,0,ALL,ALL,8,Day,237,84219.5,14453.333333333332,0.17161504560503604,0.2565223750799826,0.26516791126948347,-0.14997027128491747,0.6159937011151327
12,10,ALL,ALL,8,Day,237,84219.5,14453.333333333332,0.17161504560503604,0.24371575160644998,0.2652972163296864,-0.1442750081484797,0.6339786446607679
12,20,ALL,ALL,8,Day,235,84126.5,14437.166666666666,0.17161259135547854,0.2975329311327989,0.305272486905737,-0.1356928485780744,0.683717257473292
12,0,ALL,ALL,8,Night,63,23997.833333333332,1459.1666666666665,0.0608041003701723,-0.9241988315667529,-0.9173990962393044,-1.2351678782333007,-0.6448802685020986
12,10,ALL,ALL,8,Night,59,23964.833333333332,1452.1666666666665,0.06059573402694225,-1.0439878382291312,-1.0328425311368037,-1.3618151300136283,-0.7393430104190918
12,20,ALL,ALL,8,Night,51,23242.833333333332,1327.5,0.05711437934273647,-1.0305701007055228,-1.028210415423359,-1.3755044430528098,-0.7268905721768311
12,0,ALL,ALL,-1,All,300,108217.33333333333,15912.5,0.14704206350184199,-0.06342264874642632,-0.061211698334455895,-0.2176782160165142,0.07910435919207685
12,10,ALL,ALL,-1,All,296,108184.33333333333,15905.5,0.1470222120886265,-0.07946301924884415,-0.07992217554760336,-0.23536236534670896,0.06660946421284705
12,20,ALL,ALL,-1,All,286,107369.33333333333,15764.666666666666,0.14682653023209608,-0.07529999074571714,-0.07324820448579053,-0.2528231508817991,0.07235397025996661
12,10,ALL,ALL,4,Day,202,65041.166666666664,11811,0.18159268360807387,0.2148461133455496,0.21583519998703926,-0.09928908251661686,0.4598537114031406
12,10,ALL,ALL,6,Day,235,79249,13774.833333333332,0.1738171249269181,0.20990895210394667,0.21887932925792955,-0.09288369295674745,0.4711180569255822
12,10,ALL,ALL,10,Day,227,92072.33333333333,13228.333333333332,0.14367327137721428,-0.11926935246515952,-0.11734050421871697,-0.2944077543472238,0.03682282858391909
12,10,ALL,ALL,4,Night,94,43143.166666666664,4094.5,0.09490494825368251,-0.3980405299225716,-0.3930811484074138,-0.629171132394907,-0.18272104438867964
12,10,ALL,ALL,6,Night,61,28935.333333333332,2130.6666666666665,0.0736354629864295,-0.7579036444330471,-0.7522341354952271,-1.0797396217039508,-0.4685660189864515
12,10,ALL,ALL,10,Night,69,16112,2677.1666666666665,0.16615979808010592,0.1735686690819431,0.18655317022832357,-0.2352367000688326,0.5200596087460265
13,0,ALL,ALL,8,Day,97,35513,8902.666666666666,0.250687541651414,0.23043751379985555,0.25633860913092327,-0.29499888924465195,0.7385485013343797
13,10,ALL,ALL,8,Day,97,35513,8902.666666666666,0.250687541651414,0.2376449740064923,0.25647224933032675,-0.3093244823019015,0.7476890115211757
13,20,ALL,ALL,8,Day,96,35456,8883.5,0.2505499774368231,0.24939571544994726,0.27031758066377226,-0.28599310263719513,0.7549024102712201
13,0,ALL,ALL,8,Night,47,8680.5,1558.1666666666665,0.1795019488124724,1.4574917167604173,1.4817130631540465,0.8864628867271976,1.967613264514661
13,10,ALL,ALL,8,Night,41,8576.5,1518.5,0.17705357663382498,2.893866040539045,2.999945433972482,2.4969257299814838,2.9956940806178514
13,20,ALL,ALL,8,Night,31,8117.333333333334,1357.3333333333333,0.1672141918528252,2.904320341784327,2.999936832104479,2.546938280213627,2.996478723427605
13,0,ALL,ALL,-1,All,144,44193.5,10460.833333333334,0.23670524700087872,0.4465933849994965,0.45962277136697227,0.16212669661529383,0.6758096801170207
13,10,ALL,ALL,-1,All,138,44089.5,10421.166666666666,0.23636391128651188,0.6988676882520554,0.7088529620896485,0.40472883441803786,0.9749668246792934
13,20,ALL,ALL,-1,All,127,43573.333333333336,10240.833333333334,0.23502524479804163,0.8902813802778726,0.894009216491703,0.5999993263504635,1.1493501946828493
13,10,ALL,ALL,4,Day,100,29220.5,8359.333333333334,0.286077696594286,0.2042151513505407,0.2148813839065525,-0.16847217688676555,0.5358317707392622
13,10,ALL,ALL,6,Day,110,34016.166666666664,9210.166666666666,0.27075851188405514,0.1772187352937421,0.19129311871842292,-0.19674178184663652,0.5242654560384087
13,10,ALL,ALL,10,Day,84,30352,6679.833333333333,0.22007885257424,1.2719807043695621,1.287834394948877,0.9101160283264533,1.592835427401284
13,10,ALL,ALL,4,Night,38,14869,2061.8333333333335,0.1386665769946421,2.6700400176912424,2.7620487214890885,2.044269803127524,2.979392414476225
13,10,ALL,ALL,6,Night,28,10073.333333333334,1211,0.12021839841164791,2.8775109976618993,2.9998683648349744,2.38628828916339,2.995238791846563
13,10,ALL,ALL,10,Night,54,13737.5,3741.333333333333,0.27234455565665755,0.5351409730729219,0.5452956029329667,0.0449116863311736,0.9686677857668891
14,0,ALL,ALL,8,Day,333,56851.666666666664,19548,0.3438421623523204,0.5762285479392568,0.5949732319287581,0.19861692408316473,0.9304003288773718
14,10,ALL,ALL,8,Day,333,56851.666666666664,19548,0.3438421623523204,0.5913731054353575,0.5948223160503984,0.18958322137830885,0.9459083273211305
14,20,ALL,ALL,8,Day,329,56394.666666666664,19462.333333333332,0.3451094666162285,0.5609407281205935,0.5687189557647714,0.16266354578013534,0.941719930843688
14,0,ALL,ALL,8,Night,151,24235.5,8679.166666666666,0.3581179124287374,-0.04057348173644175,-0.029596720795864714,-0.3067660326087303,0.1967563014378312
14,10,ALL,ALL,8,Night,146,24188.5,8679.166666666666,0.3588137613604261,-0.2112914451746642,-0.20711119058334088,-0.5122543055225615,0.05481380703496289
14,20,ALL,ALL,8,Night,140,23440,8488.666666666666,0.36214448236632535,-0.28121070786874763,-0.26650045113799975,-0.6117615156208901,0.0072794680639717835
14,0,ALL,ALL,-1,All,484,81087.16666666667,28227.166666666668,0.3481089280465672,0.051436322994510425,0.049601257044863414,-0.12516829924561224,0.21722299669862627
14,10,ALL,ALL,-1,All,479,81040.16666666667,28227.166666666668,0.3483108170639662,-0.04814844081402272,-0.04324121766161501,-0.2434058806725329,0.13639314374363504
14,20,ALL,ALL,-1,All,469,79834.66666666667,27951,0.3501110628632507,-0.09659507644451432,-0.09000616558929882,-0.2990324137313868,0.08851975223049782
14,10,ALL,ALL,4,Day,262,43257.666666666664,13936.833333333334,0.3221818097755311,0.2946885916172677,0.30262307329929583,-0.007834507092819396,0.5661009719608733
14,10,ALL,ALL,6,Day,301,51028.166666666664,17105.666666666668,0.3352200908648492,0.39225299303576816,0.3924170213330825,0.08820136441703438,0.6456474034941483
14,10,ALL,ALL,10,Day,346,57253.666666666664,20778.5,0.36291998765726796,-0.05374697737115616,-0.044051262442199576,-0.33389815149833935,0.1950619462995582
14,10,ALL,ALL,4,Night,217,37782.5,14290.333333333334,0.37822625113037345,-0.2712907152091069,-0.2573205741642101,-0.5893740321622911,-0.0034426806332347477
14,10,ALL,ALL,6,Night,178,30012,11121.5,0.3705684392909503,-0.2973138987288595,-0.2850748067948353,-0.6296001185574032,-0.010121531121174391
14,10,ALL,ALL,10,Night,133,23786.5,7448.666666666667,0.31314681296814023,-0.17448055954768893,-0.16451139715339716,-0.5488391260440404,0.12126591868977832
16,0,ALL,ALL,8,Day,206,54849.833333333336,13435.666666666666,0.24495364616726273,-0.3644251430888915,-0.3570073623856664,-0.6413578079983326,-0.132001556030534
16,10,ALL,ALL,8,Day,206,54849.833333333336,13435.666666666666,0.24495364616726273,-0.36517144780052047,-0.3570605808589452,-0.6599373398121803,-0.11577909208037755
16,20,ALL,ALL,8,Day,205,54830.833333333336,13430.833333333334,0.24495037767679378,-0.3783009923592612,-0.35964832586214157,-0.6429338445246339,-0.12230999086021084
16,0,ALL,ALL,8,Night,83,20936.5,3336.5,0.15936283523989206,0.964371309310097,0.9807686563532589,0.5281267594503757,1.3278780517996722
16,10,ALL,ALL,8,Night,77,20890.5,3333.6666666666665,0.15957811764518162,0.5456826395915333,0.5473719444773,-0.15853698957565693,1.1539179394162875
16,20,ALL,ALL,8,Night,70,20639.5,3276.5,0.1587490007025364,1.9619857755001595,2.034616907206176,0.7067375044246298,2.8949448001967824
16,0,ALL,ALL,-1,All,289,75786.33333333333,16772.166666666668,0.2213085912587582,-0.09465570961376601,-0.09138870779887034,-0.2969604097261304,0.09795832958701525
16,10,ALL,ALL,-1,All,283,75740.33333333333,16769.333333333332,0.22140559191271933,-0.23451811282240687,-0.22955662873117327,-0.47781263522294937,-0.026645586179267315
16,20,ALL,ALL,-1,All,275,75470.33333333333,16707.333333333332,0.22137616988573877,-0.2760775482998883,-0.26694612001340906,-0.5244040078506833,-0.05570004219988444
16,10,ALL,ALL,4,Day,150,45043,10183,0.22607286370801236,0.5438058857506328,0.5606077422533804,0.14478704413809945,0.8980825875078943
16,10,ALL,ALL,6,Day,183,53003.666666666664,12487,0.23558747508034036,0.5681912050985476,0.5802261657712264,0.11403784225171465,0.9403373314881011
16,10,ALL,ALL,10,Day,185,51765.333333333336,12401.5,0.23957152792087366,-0.3747157763845562,-0.37098067508653376,-0.6536333158303284,-0.13582805844560492
16,10,ALL,ALL,4,Night,133,30697.333333333332,6586.333333333333,0.2145571819484863,-0.4886067928369572,-0.4715561183788146,-0.8066108802959127,-0.20406725742923032
16,10,ALL,ALL,6,Night,100,22736.666666666668,4282.333333333333,0.18834481747544346,-0.6446892451656722,-0.6294836777448543,-1.028017794141512,-0.3196868143258589
16,10,ALL,ALL,10,Night,98,23975,4367.833333333333,0.182182829336114,0.4974508094867488,0.5151096292713655,-0.19742780153276876,1.0839451730638188
17,0,ALL,ALL,8,Day,81,38040.166666666664,5935.833333333333,0.15604120206273195,0.5464155813918705,0.5513460330871001,-0.37175414514087984,1.399460931409915
17,10,ALL,ALL,8,Day,81,38040.166666666664,5935.833333333333,0.15604120206273195,0.5251259931474906,0.5513152557153587,-0.3942236888830818,1.4098142973056027
17,20,ALL,ALL,8,Day,79,37952.166666666664,5920.5,0.15599899873964157,0.66335455598274,0.6548987262948824,-0.3111714510662285,1.5510251353945792
17,0,ALL,ALL,8,Night,47,13909.166666666666,1428.5,0.10270205499970045,1.164889047056886,1.175004190787381,0.7488388747286371,1.5689797532695942
17,10,ALL,ALL,8,Night,39,13685.166666666666,1414.1666666666667,0.10333572846512648,1.075166430246148,1.0944757839146917,0.49356368636896714,1.5543229249357011
17,20,ALL,ALL,8,Night,33,13472.166666666666,1372.6666666666667,0.1018890799549689,1.1825622636147113,1.2097921533415832,0.6150132891302482,1.6768901620569274
17,0,ALL,ALL,-1,All,128,51949.333333333336,7364.333333333333,0.14175991992197526,0.8708443416129881,0.8800212679030196,0.5707198284036541,1.1400617943461884
17,10,ALL,ALL,-1,All,120,51725.333333333336,7350,0.1420967159870083,0.8314765823214252,0.8450779644627218,0.4634580785000696,1.1531006897759137
17,20,ALL,ALL,-1,All,112,51424.333333333336,7293.166666666667,0.14182326136135293,0.9910869266041186,1.0048424793662925,0.6150275596413565,1.3060656098981862
17,10,ALL,ALL,4,Day,78,31354.333333333332,5004.5,0.1596111117017318,0.4096630157329536,0.4304506155562826,-0.1737408626773171,0.9037134194903726
17,10,ALL,ALL,6,Day,90,35895.833333333336,5801.666666666667,0.1616250725478816,0.42597346140950665,0.44057566597778314,-0.18678892523409904,0.9548603391051355
17,10,ALL,ALL,10,Day,75,39803.333333333336,5320.333333333333,0.13366552215057365,0.9605819406903471,0.9771537006473037,0.5457961591774886,1.3149099846875145
17,10,ALL,ALL,4,Night,42,20371,2345.5,0.11513916842570321,1.1047186484169818,1.1138490848694425,0.6238626635265856,1.4694638219229754
17,10,ALL,ALL,6,Night,30,15829.5,1548.3333333333333,0.09781315476378491,1.0754441342390524,1.1049237290766456,0.5045776469678045,1.5382469136938288
17,10,ALL,ALL,10,Night,45,11922,2029.6666666666665,0.1702454845383884,0.5683845451445859,0.6096668862891256,-0.15653227070289236,1.1781353525371812
18,0,ALL,ALL,8,Day,172,87535.16666666667,17467.333333333332,0.1995464679909598,0.1441678011393338,0.16008278760571604,-0.3364069149639326,0.583747427121101
18,10,ALL,ALL,8,Day,172,87535.16666666667,17467.333333333332,0.1995464679909598,0.14490366992333883,0.16007465892191391,-0.35692550219363506,0.5819255059353761
18,20,ALL,ALL,8,Day,172,87535.16666666667,17467.333333333332,0.1995464679909598,0.14812724549437783,0.1599986835201183,-0.33675687141128696,0.6044625539881484
18,0,ALL,ALL,8,Night,49,31035.166666666668,5236.5,0.16872794840261854,-0.2544747213443997,-0.24020629243438454,-0.5203538873971297,-0.013694527723864107
18,10,ALL,ALL,8,Night,46,30998.166666666668,5217.666666666667,0.16832178247100635,-0.163665463048208,-0.13996957376989566,-0.4694327166723679,0.1010623336591438
18,20,ALL,ALL,8,Night,38,30226.166666666668,5109.5,0.16904227573239522,-0.06538140268831033,-0.053086047929557706,-0.41660160436621596,0.215627835467663
18,0,ALL,ALL,-1,All,221,118570.33333333333,22703.833333333332,0.19147988113946435,-0.10220825437841191,-0.09665946561925967,-0.29915825751854364,0.0699067080697351
18,10,ALL,ALL,-1,All,218,118533.33333333333,22685,0.19138076490438696,-0.02307796555513601,-0.012528806384702787,-0.2376650556081276,0.17596223480724268
18,20,ALL,ALL,-1,All,210,117761.33333333333,22576.833333333332,0.19171686235436647,0.036578542420615257,0.041967877994849676,-0.19728144844871975,0.2418916279340784
18,10,ALL,ALL,4,Day,151,67601.66666666667,12811.333333333332,0.1895120928971179,0.10342279694381126,0.12411677542141848,-0.21109357874963636,0.3933468133298965
18,10,ALL,ALL,6,Day,171,81464.33333333333,15082.666666666666,0.18514441903000495,0.08907202181151551,0.10764187134755862,-0.2509455822102066,0.3777271080477986
18,10,ALL,ALL,10,Day,159,102546.33333333333,20136.333333333332,0.1963632699365165,-0.04504653869046019,-0.03549808562622872,-0.31160074968655443,0.18815681176514104
18,10,ALL,ALL,4,Night,67,50931.666666666664,9873.666666666666,0.1938610556628162,-0.04971854752928198,-0.03229823648336504,-0.3707586840654474,0.21668884340926242
18,10,ALL,ALL,6,Night,47,37069,7602.333333333333,0.20508601077270314,0.027498109265162725,0.04064069896992811,-0.30826625218706166,0.3162546330251251
18,10,ALL,ALL,10,Night,59,15987,2548.6666666666665,0.1594211963887325,-0.10910450687528875,-0.08498467193184486,-0.5811039921417942,0.27792516653862953
19,0,ALL,ALL,8,Day,145,65894.83333333333,21384.666666666668,0.32452721381797767,0.9441441175502225,0.9521122528591839,0.6144296590701573,1.2181800005657677
19,10,ALL,ALL,8,Day,145,65894.83333333333,21384.666666666668,0.32452721381797767,0.9436178580697168,0.952173481821085,0.6168830303654533,1.24482983795094
19,20,ALL,ALL,8,Day,145,65894.83333333333,21384.666666666668,0.32452721381797767,0.9474649376178733,0.9520627248022344,0.6170744186993163,1.2477462742578729
19,0,ALL,ALL,8,Night,50,22763.5,3197.3333333333335,0.140458775378713,1.1879258583299512,1.2153827609040506,0.7193770071078165,1.6112040780951644
19,10,ALL,ALL,8,Night,46,22742.5,3196.3333333333335,0.14054450185042688,0.8963185533309875,0.919560410099926,0.26027646499037826,1.4628873130729467
19,20,ALL,ALL,8,Night,40,22503.5,3156,0.1402448508009865,1.8298847466336992,1.8524674906531011,0.912557156077006,2.7218606564260157
19,0,ALL,ALL,-1,All,195,88658.33333333333,24582,0.2772666604004136,1.0253999988767364,1.02635065253827,0.7876204177205068,1.2406314442025321
19,10,ALL,ALL,-1,All,191,88637.33333333333,24581,0.2773210686242065,0.9137052880233085,0.9208420352669023,0.6424066257795736,1.1561318598856856
19,20,ALL,ALL,-1,All,185,88398.33333333333,24540.666666666668,0.27761458549369333,0.9843714076901555,0.9883543276035978,0.6934134257977826,1.2522599870548714
19,10,ALL,ALL,4,Day,119,53468.833333333336,18403.166666666668,0.3441849301618077,0.6354746357519234,0.6541437848211333,0.2098336007346323,1.0150959239993027
19,10,ALL,ALL,6,Day,143,63525.666666666664,21135.333333333332,0.3327054156587626,0.6457274884346114,0.6613772500982765,0.2217117252238026,1.0121928429690246
19,10,ALL,ALL,10,Day,120,72562.5,18423.833333333332,0.25390295722078665,1.0076028637320145,1.0148975758088619,0.6871020114091193,1.3124583635841638
19,10,ALL,ALL,4,Night,72,35168.5,6177.833333333333,0.17566382795209728,1.1189887275319819,1.1254762308142494,0.7085884297620871,1.4904993151553283
19,10,ALL,ALL,6,Night,48,25111.666666666668,3445.6666666666665,0.13721377845622884,1.0349379523903832,1.0458739377192514,0.5133083056871082,1.458803031254986
19,10,ALL,ALL,10,Night,71,16074.833333333332,6157.166666666667,0.38303144667129785,0.9353271821694373,0.9495850717776471,0.4744794083500666,1.3432055650180363
20,0,ALL,ALL,8,Day,255,79611.83333333333,14502.166666666666,0.18216094341084135,-0.1687393875348671,-0.15570126206741694,-0.42764933942042405,0.06510781240755709
20,10,ALL,ALL,8,Day,255,79611.83333333333,14502.166666666666,0.18216094341084135,-0.16983332887250796,-0.15567649773086728,-0.4405764194389978,0.0634914114568334
20,20,ALL,ALL,8,Day,254,79592.83333333333,14499.5,0.18217092409911279,-0.1679233611474353,-0.1620056078841935,-0.43891875289943727,0.06166915760881826
20,0,ALL,ALL,8,Night,78,24197.833333333332,2605,0.10765426656656588,-0.3287452619579692,-0.31753795190306827,-0.6641581378117261,-0.026649405579455096
20,10,ALL,ALL,8,Night,74,24169.833333333332,2605,0.10777898068528952,-0.5755764681961175,-0.556047610271693,-1.0378565020282517,-0.21034729430414872
20,20,ALL,ALL,8,Night,68,23958.833333333332,2582.3333333333335,0.10778209846055388,-0.6729581134404589,-0.6390384810244615,-1.173680232454399,-0.27602011826578254
20,0,ALL,ALL,-1,All,333,103809.66666666667,17107.166666666668,0.1647935805592928,-0.05153902917966415,-0.04544657352363596,-0.2223266753478888,0.10538655677543855
20,10,ALL,ALL,-1,All,329,103781.66666666667,17107.166666666668,0.16483804140101815,-0.1161956005960168,-0.11602849916965298,-0.29751560940121796,0.043842032992414466
20,20,ALL,ALL,-1,All,322,103551.66666666667,17081.833333333332,0.16495952101205516,-0.14823795390901007,-0.14691755589246944,-0.35006105431791956,0.019522419218466265
20,10,ALL,ALL,4,Day,201,64645.166666666664,11198.5,0.17323027501411553,0.5757606087235263,0.5845464533063168,0.26120764690139187,0.8777614853398079
20,10,ALL,ALL,6,Day,223,74747.5,12792.166666666666,0.17113838812892293,0.5670218047905,0.5743816200642587,0.24023172786697541,0.8628042941558616
20,10,ALL,ALL,10,Day,201,71262.33333333333,12561.333333333334,0.17626890316062252,-0.28361766238008723,-0.2762272440842359,-0.5320846960557128,-0.07747868665629265
20,10,ALL,ALL,4,Night,128,39136.5,5908.666666666667,0.15097585800126906,-0.469312848747003,-0.470724872919706,-0.7357560039553521,-0.21554829182479607
20,10,ALL,ALL,6,Night,106,29034.166666666668,4315,0.148618007519876,-0.5295515743988144,-0.5145106487571164,-0.818826915409701,-0.25228428081325754
20,10,ALL,ALL,10,Night,128,32519.333333333332,4545.833333333333,0.13978863855347587,0.6158725507366144,0.6199149739855019,0.1798996937454746,0.992689453249869
21,0,ALL,ALL,8,Day,275,108232.5,26452.5,0.24440440717898967,-0.059427271737073725,-0.04063099629110828,-0.4260078734267282,0.26718945028265895
21,10,ALL,ALL,8,Day,275,108232.5,26452.5,0.24440440717898967,-0.048175948970307525,-0.040583461608857146,-0.448854408169143,0.28536696072684065
21,20,ALL,ALL,8,Day,275,108232.5,26452.5,0.24440440717898967,-0.04893472516450267,-0.0405456142318443,-0.41413905182620475,0.29572849658406136
21,0,ALL,ALL,8,Night,69,38840.5,7655.333333333334,0.19709667314615759,-0.19613549296623806,-0.1896384681438011,-0.42947638490002427,-0.0016755765345884965
21,10,ALL,ALL,8,Night,65,38824.5,7649.333333333334,0.19702335724435174,-0.20036899189302895,-0.19586952429248417,-0.4959813482223228,0.020856668624949278
21,20,ALL,ALL,8,Night,58,38555.5,7573.5,0.1964311187768282,-0.1659295680876673,-0.16024097218656125,-0.4715162757876533,0.07012731517257435
21,0,ALL,ALL,-1,All,344,147073,34107.833333333336,0.23191091045489884,-0.07205872257951455,-0.06753693480934994,-0.2275678845211989,0.07330965390109079
21,10,ALL,ALL,-1,All,340,147057,34101.833333333336,0.23189534216890959,-0.06238900563385629,-0.05801371546130592,-0.2589462631726485,0.10776483574835473
21,20,ALL,ALL,-1,All,333,146788,34026,0.2318036896749053,-0.04797178315844207,-0.0386013205782168,-0.25166846497788636,0.13179607778947391
21,10,ALL,ALL,4,Day,219,84640,21467.5,0.25363303402646503,-0.12490685771614392,-0.11662614740252136,-0.4373074445282899,0.13407694264910858
21,10,ALL,ALL,6,Day,253,100941.16666666667,25045.166666666664,0.2481164770897899,-0.13001956607386478,-0.12302541388194363,-0.433677668525248,0.1387504013263046
21,10,ALL,ALL,10,Day,251,124670.83333333333,27115.166666666668,0.21749406771164068,-0.02966763523601003,-0.020143365001885197,-0.23282371452984726,0.14736533091732287
21,10,ALL,ALL,4,Night,121,62417,12634.333333333334,0.2024181446294012,-0.09877781419264428,-0.08929206960540356,-0.36417432435761493,0.11579915764043067
21,10,ALL,ALL,6,Night,87,46115.833333333336,9056.666666666668,0.1963895263738051,-0.12902061480972116,-0.11247585253793344,-0.41080511632272265,0.09416447402752623
21,10,ALL,ALL,10,Night,89,22386.166666666668,6986.666666666666,0.3120975006886693,0.08841884388996671,0.10379282744732375,-0.2796490891731695,0.40033432039988864
