ward_id,popcut,this_status,that_status,this_boundary,Period,lines,formmin,breakmin,mean_intensity,phi_median,phi_best,phi_lo,phi_hi,DIC,phi_sample1,phi_sample2,phi_sample3,phi_sample4,phi_sample5,phi_sample6,phi_sample7,phi_sample8,phi_sample9,phi_sample10,phi_sample11,phi_sample12,phi_sample13,phi_sample14,phi_sample15,phi_sample16,phi_sample17,phi_sample18,phi_sample19,phi_sample20,phi_sample21,phi_sample22,phi_sample23,phi_sample24,phi_sample25,phi_sample26,phi_sample27,phi_sample28,phi_sample29,phi_sample30,phi_sample31,phi_sample32,phi_sample33,phi_sample34,phi_sample35,phi_sample36,phi_sample37,phi_sample38,phi_sample39,phi_sample40,phi_sample41,phi_sample42,phi_sample43,phi_sample44,phi_sample45,phi_sample46,phi_sample47,phi_sample48,phi_sample49,phi_sample50,phi_sample51,phi_sample52,phi_sample53,phi_sample54,phi_sample55,phi_sample56,phi_sample57,phi_sample58,phi_sample59,phi_sample60,phi_sample61,phi_sample62,phi_sample63,phi_sample64,phi_sample65,phi_sample66,phi_sample67,phi_sample68,phi_sample69,phi_sample70,phi_sample71,phi_sample72,phi_sample73,phi_sample74,phi_sample75,phi_sample76,phi_sample77,phi_sample78,phi_sample79,phi_sample80,phi_sample81,phi_sample82,phi_sample83,phi_sample84,phi_sample85,phi_sample86,phi_sample87,phi_sample88,phi_sample89,phi_sample90,phi_sample91,phi_sample92,phi_sample93,phi_sample94,phi_sample95,phi_sample96,phi_sample97,phi_sample98,phi_sample99,phi_sample100
0,10,ALL,ALL,8,Day,2854,1030747.8333333334,264453.6666666667,0.25656485331766404,-0.04093844113129334,-0.04103144282730274,-0.12593274031314278,0.03705693955693593,4488.82176763522,-0.06180046646889095,-0.06907924999811929,-0.02440038880219606,-0.09552148179760084,0.04274612574629634,-0.02239964283840522,-0.05525662243513472,-0.04114701328599951,-0.08262723424787347,-0.05040692211304215,0.00523300779519971,-0.02580552359453466,-0.06327492543574734,-0.07310916574129385,-0.05204342267410722,-0.00622987347521927,-0.11008985595008128,-0.05119442012064014,-0.01988661203303825,0.03180362036911782,-0.1103067354745242,-0.1516296900095277,-0.06017084983678597,-0.06801054704088483,0.09215684030907605,0.00820441349039054,-0.07379149081891898,-0.04323061814800658,-0.10915035297591882,-0.10910583583461164,-0.10520005869852328,-0.09185597689038125,0.03840906139466214,-0.05001112309279842,0.02507928873824881,-0.10915035297591882,0.04115911917710777,-0.08994008023058724,-0.02182362739784416,-0.00460722692620833,-0.1116907517468258,-0.08820161572307737,-0.05279152872102765,-0.03443838441200771,-0.03004693376094619,-0.0394095337515019,-0.00240573756211207,-0.02874744388193628,0.00481641899996835,-0.02424887759756682,-0.07135517599414108,0.00122737429987753,-0.03418723559936734,0.00506778913751006,-0.03453516792123599,-0.08865972182461637,-0.02320204472337572,-0.06100919016950076,-0.00950434811612063,-0.04899858792897332,-0.03598123975860674,-0.00809184081466176,-0.04797770037105699,-0.06029620249472021,-0.0366191762623264,-0.01668495179297018,-0.04641490856063233,-0.03167692813418411,-0.10910583583461164,-0.05589489480378042,-0.09292086541703004,-0.07320236170895053,0.04864351329992709,-0.01249065589747584,-0.10910583583461164,-0.06382219038287051,-0.03563414104898858,-0.0289463753648819,-0.10067076863187158,-0.04263108447042824,-0.07511628488259282,-0.13499011315564305,-0.0356725860154718,-0.04843431620843411,-0.01703504778317816,0.01857706168992766,-0.0202448656078702,-0.0958032671428972,-0.02630425238834616,-0.04943780277320959,-0.04386448432322851,-0.00485533164413538,-0.07914315672812838,-0.03781855829861165,-0.03865873808285077,-0.05236838676077891,0.03704995231981886,-0.15352095361315704,-0.08513972942412219,-0.05731789391254954
0,10,PA,PA,8,Day,784,420508.3333333333,36173,0.08602207645508413,0.09974601619241256,0.09565064825451826,-0.0244209287006004,0.20871141598494752,8253.004281275418,0.2205259822795464,0.11664780218559184,0.09445181830025608,0.13819709163851146,0.0078103990609408,0.18089272091766956,0.1084906330602968,0.02095437255447271,0.05475030760580832,0.05556458446016971,0.07032785059654799,0.125999555945007,0.11204933085687532,0.08709579653923051,0.10410270746878988,0.0995964431436955,0.00555033274902552,0.13520199528839916,0.09491650928036972,0.06619988269290096,0.04150606953002744,0.0929930820117414,0.1191309261606723,0.11791149299555044,0.14171315230472786,0.22005628633918703,0.13184651463448005,0.12896226479415923,0.072534002033042555,0.05037453034751948,0.08914535540262067,-0.01664471689312453,0.17568333157654015,0.02179722426484423,0.07281418805632794,0.274854881477768,0.16209593710419057,0.0317999962167582,-0.02258434751886749,0.06438510147996163,0.0772081256006917,-0.00756461231718377,0.1444540495941124,0.14061524859946198,0.02449480671736006,0.03645624418347724,0.15697991836297875,0.14424419550715173,0.07418017494448627,0.13344773293344128,0.07816033797584747,0.08096067676318273,0.13055318474318836,0.12147313140253509,0.072534002033042555,0.19174990571399284,0.0421486848434674,0.08951932332057615,0.11318819123428796,0.03342314360913173,0.14548951699710977,0.07664798836352697,0.09544651098977731,0.15261768416922805,-0.07801662807593712,0.1819024472966128,0.08825466118697839,0.05086338148613609,0.06108122134368363,0.0768163321151118,0.10450130477991562,0.06991860477263524,0.06248711097584783,0.00674924372252869,-0.01554783553434228,0.10045138474215086,0.1058740394759985,0.0768163321151118,0.13827235432902937,0.08884386158721573,0.00192085610417132,0.19625295261607453,0.0935647581282331,0.0950580745158868,0.01443002206803312,0.02093363793386493,0.19115055213919813,0.09089268359483876,0.13419186955601337,0.12336813785167164,0.04425023724613626,0.19625295261607453,0.13810684641688353,0.12262409881020814,0.1263278236666765,0.2270499091904043,0.02803853092077204,0.1081276399096088,0.14332261707743624,0.16647257640599322
0,10,PE,PA,8,Day,2612,640801.6666666666,59957,0.09356561182477158,-0.01730325704702071,-0.01496853028261802,-0.09083241276159698,0.05390999208429335,15517.587992330424,0.00828890812792107,-0.010890557716935,-0.00553580007895995,0.03300648939498675,-0.0529981295682195,-0.05013636007805949,-0.03506032133000386,-0.04758027333262978,0.04813473261171898,-0.00652548763600992,0.04363859248645563,0.02591359675818033,-0.0330210542569899,-0.03696795495208409,-0.00533560930125637,0.03501120902632324,-0.00263301618892476,-0.01370283744425123,-0.01756924894863294,-0.01467780977348288,0.00276360692657175,0.00198971989661327,-0.00767863100275061,0.01209180877598239,0.00839453004580811,-0.01095751670717104,0.01210885095830228,-0.06044580049039907,0.01575915842144998,0.01140748448390446,-0.04858402109789208,-0.05677992837303994,-0.07265086168198864,0.02140949078310419,0.03602570622247156,0.01010282916680496,-0.04637851954627953,-0.05556986898058887,0.00516839056974399,-0.03340131034066107,-0.05743483452216106,-0.00564015340255932,-0.04999668723250407,-0.02387836535934659,-0.0779505536108963,9.93242736948603e-4,-0.05589531491665833,0.01852375900457521,0.0241904424100977,-0.09083241276159698,-0.00172686896852319,-0.03597322517934066,0.06142551257109013,-0.02310564147177815,-4.0237508503872255e-4,-0.02088277880448782,-0.01633856087351589,-0.039303742745334,-0.06277612115956396,-0.05233379908060016,-0.03007321039979036,0.0424682186018113,-0.02929515113688408,-0.03448178746794986,-0.05587504350674648,-0.06523632930290632,-0.06543359166399247,-0.03448178746794986,0.09578663346940557,-0.04711526357001135,-0.04338880002685418,-0.02968699975509345,-0.08905322570883895,0.00828890812792107,-0.01996876411099566,-0.01424576155652248,-0.04243061533491681,-0.04670136691445627,-0.05269156296154388,0.0138024364647932,-0.00931025360615613,0.00257560456268077,-0.00225854828974979,0.03266191262139028,0.01983818370988251,-0.04431590563780289,-0.04366697113520007,-0.01005446063177897,0.06439223292305282,0.05584505636765261,-0.06884126883013922,-0.06034049909060138,-0.03694554058302368,-0.04366697113520007,-0.00728609701422515,-0.05380280786363205,0.04333383956457169,0.00837769353433472,0.02591359675818033,-0.07060167225661357
0,10,PA,PE,8,Day,2612,347535.8333333333,59957,0.17252033962924687,-0.13840722781406484,-0.13703801055831166,-0.22283086500257343,-0.05692485452952967,8200.945574190722,-0.15626530641607164,-0.14869353389813814,-0.1675148786340761,-0.12164363078262612,-0.1130989551579594,-0.1453383757129078,-0.1453383757129078,-0.1374962054365209,-0.17454088395719866,-0.16547701843693602,-0.16114176297442462,-0.06326452828713774,-0.13559467761564165,-0.1703620454898711,-0.10045062725774978,-0.13918440064821117,-0.1081748675398104,-0.12687999620915358,-0.10253736708128083,-0.12314462603349964,-0.08066546200902644,-0.18293982733906056,-0.11209981816124916,-0.15155441741071385,-0.08895321299300962,-0.1593048940707665,-0.22005796727216104,-0.10752972182814724,-0.1549888059546052,-0.15518504347758483,-0.11924371149839376,-0.1130851384955458,-0.1932746850727921,-0.09297268394567128,-0.12827796768533747,-0.08742059715506548,-0.1593048940707665,-0.14980037768722348,-0.180021421962484,-0.1598020591540685,-0.202402037761146,-0.12018267939730444,-0.15222946107028815,-0.13988684040218127,-0.21330873032057815,-0.08764815859106476,-0.16444276156359455,-0.13710597609003172,-0.19298221055334813,-0.1115732463963173,-0.08087812501839686,-0.13925834212665858,-0.21800363731230257,-0.10707137937897844,-0.00412514161468882,-0.17564716452991216,-0.13640798403762475,-0.1398064886203223,-0.13988684040218127,-0.17816508908574188,-0.12972699762903597,-0.16695786204604895,-0.19136927165713236,-0.1492232136497951,-0.12109481189706328,-0.15220761507555652,-0.09687268795157594,-0.03406930140848033,-0.12466482689606506,-0.1552489754181512,-0.18252683312399376,-0.18161409959238767,-0.1076840121448966,-0.10016851378804194,-0.03555928846436464,-0.15891989279400132,-0.13577854663359526,-0.12329483920827436,-0.1949214732108807,-0.08424486547248333,-0.14039062582554182,-0.1340791687920676,-0.10160377703840812,-0.11212925388395852,-0.20018440213066255,-0.15155441741071385,-0.14494965519678532,-0.1628303150790559,-0.12878862395623672,-0.1575267644222903,-0.1482879625980233,-0.10962223130945672,-0.1025151409070813,-0.1258576718197718,-0.11154527017695344,-0.2219889314236186,-0.13663926832804646,-0.13663926832804646,-0.0847282563216434,-0.09561687727656036
0,10,PE,PE,8,Day,1923,642778.8333333334,140037.5,0.21786265000947708,0.10878767535395756,0.10887125219151914,0.01137195301069686,0.19777218688276935,4436.928700739232,0.06107913639786547,0.10032262386734242,0.17288405945755994,0.09778555809761565,0.182189921043878,0.09367705150045327,0.02258972461129504,0.1346938374771433,0.13618251829679126,0.08257251683525652,0.14913716906280555,0.07669111309686333,0.0714332966581546,0.09324735417041267,0.04700987797147797,0.17934931083777403,0.05478157399913621,0.0931998884989646,0.03957894895089686,0.11482970630148816,0.04700987797147797,0.11240664849298308,0.1129705907422559,0.16957347237225162,0.2010836585577989,0.1565640717036146,0.01761887088267685,0.08118694900586362,0.04610371613900357,0.05368907679480614,0.17034757512703638,0.083181191884271,0.14017020690284704,0.03658303612576594,0.03897151805400223,0.08216919233064737,0.1280109138366139,0.1758998874100096,0.1757320908451505,0.01737273416878784,0.10021899580821664,0.11803666034526442,0.10894456626609264,0.14817399786280128,0.1071592800873067,0.19821756017562067,0.06823295178420313,0.06034344424788666,0.11966345867053636,0.1289096600679068,0.16874446756836137,0.12771685195499446,0.16604173330500074,0.1787735702049192,0.05253091682572438,0.11974424487011862,0.02784440503865636,0.12657345915268564,0.16660641109502936,0.07660747679096812,0.05967468847578841,0.11285760776538728,0.0628861931032044,0.10495955072894536,0.11028632891735088,0.07519094390612391,0.08170717241046566,0.05070062888760453,0.08624869136456759,0.10471526173200273,0.129019819877101,0.0717709741787083,0.08074202632924987,0.1737898579980249,0.13465545378309737,0.1610161217664581,0.15019281267871482,0.10494756652994548,0.0382546785313336,0.0599876678781551,0.15769575058610985,0.10237671958273302,-0.00905633010101171,0.09154774386527392,-0.01296799476674287,0.05092932830460458,0.14081646781354232,0.08970209790712572,0.12511023867637056,0.08118694900586362,0.1277512694923917,0.17512898184784165,0.17512898184784165,0.12332759299541324,0.06823295178420313,0.03672391667990722,0.11127041938064822,0.15166505795017554,0.1323776788118104,0.10112998310988196
0,10,ALL,ALL,8,Night,883,342903.1666666667,68721,0.2004093478285172,-0.3214736339586168,-0.3195088974081626,-0.4207349683467233,-0.2297292069808932,1528.5605470345004,-0.30947370033368077,-0.4241334649874092,-0.3104943515898991,-0.32881643878867245,-0.29715399276830157,-0.2740263683294264,-0.3313567409872223,-0.33740393273331426,-0.3318421853264186,-0.2973758400500787,-0.29800908262624265,-0.3758611415309191,-0.3045928521091089,-0.404471292525468,-0.324247770875852,-0.3241781337013894,-0.3950195326079745,-0.3364545724862605,-0.283835470583802,-0.3634685427888185,-0.30182368155853506,-0.23631931982244933,-0.27186849325356444,-0.2801962633045447,-0.34374209404857564,-0.4373648378849107,-0.3029830674002058,-0.2976944183715015,-0.3450542523985583,-0.34477060496729595,-0.3359067975319536,-0.3274141316887506,-0.3749996459011,-0.3652114378751702,-0.30476250214341916,-0.30947370033368077,-0.2960805558435341,-0.3712795624966791,-0.3509289664237556,-0.29715399276830157,-0.31750112548581816,-0.38317437489166367,-0.21639657191270975,-0.32877690634751455,-0.3821060450632052,-0.307984712001906,-0.3896091486796962,-0.22858253243885612,-0.3273772025798094,-0.405912318479009,-0.2798245479632579,-0.32846955926396887,-0.34705504433725476,-0.32089466436210656,-0.38167979418828135,-0.28678644869970205,-0.31895706575600447,-0.2876737296127783,-0.43912952556007817,-0.3214736339586168,-0.34418563196379465,-0.3519943792396114,-0.2899614655204099,-0.35771695676377824,-0.20701343567609487,-0.2188995828524857,-0.4383233161161789,-0.2899265340298188,-0.37613062655192414,-0.3363284191242153,-0.3439410185457687,-0.3140251815529846,-0.267616074610523,-0.2928357735754634,-0.30473254249979465,-0.38317437489166367,-0.3111503598504747,-0.24412999067751737,-0.2867543494168572,-0.3630957052394773,-0.3506551072999566,-0.34510210954455495,-0.3037192722936715,-0.29908964009349887,-0.320765163426732,-0.41412299599204105,-0.3874801009335461,-0.24902570880055108,-0.37617474574663967,-0.3609462547249124,-0.30252062933925633,-0.31491780073954206,-0.2655555219666993,-0.3950195326079745,-0.37182375025247744,-0.3809937523171272,-0.3008436646555153,-0.3994881652221062,-0.3117540284991083,-0.2719150036523759
0,10,PA,PA,8,Night,288,111595,12108.666666666666,0.10850545872724283,0.741498611599534,0.7424996354196932,0.61834727366143,0.8521096302955955,2812.976495265096,0.7004041983807514,0.7791692445572584,0.7636841890242934,0.7220327831913688,0.641314459661985,0.7452714746360822,0.7472214149115024,0.7605627309975259,0.76858364812147,0.7191110232734398,0.707231849579957,0.7816686773959214,0.6998862297337747,0.6755029105994586,0.73651135946431745,0.8159765585150239,0.8171003225825992,0.6283111976757495,0.6884504573356717,0.715754201684952,0.8113589943446554,0.7993178308814219,0.6978200142748899,0.7341275329084752,0.6893990415129284,0.8591652162400737,0.6773399193816864,0.6991303370224593,0.707231849579957,0.726528165149286,0.8031406666605997,0.6634510520886393,0.74690121373033,0.8486058442095957,0.7267048621483064,0.6434196293307886,0.7304492932638152,0.6692326686852824,0.7781273169385878,0.7161315540178198,0.7733242214782489,0.7752836149922853,0.752202275997823,0.6863318771227647,0.7239024169998434,0.7351489055005828,0.7662123347895463,0.7658241374447052,0.7817324838563837,0.6076422560316304,0.7768501453894339,0.8245256459298331,0.856964423851562,0.69718890680697,0.6866623734930114,0.7573316101454345,0.7524230785399918,0.7676611864081397,0.6693066882203522,0.6830733599053097,0.7066921683001187,0.7832976503128692,0.6389705519592188,0.7521140947944119,0.8324045761954982,0.6990835371576993,0.7712378739450867,0.866055318913917,0.718130347781632,0.7548872953326906,0.716212802159529,0.72223465243390494,0.8493911754536057,0.707231849579957,0.7202772943896528,0.781040039697825,0.7357795305947488,0.7353875251582416,0.7373243626018191,0.6302480869714533,0.7227565345106626,0.578612535181131,0.7764286015709612,0.7552515770522203,0.7167489928372771,0.7225944181173186,0.6911561795268363,0.6920328331404235,0.7677613465730585,0.5591948342504343,0.6540875005216291,0.726512467750987,0.80360537919491,0.8000510904632329,0.7167489928372771,0.7288026433997691,0.7642668886318085,0.7335101620338234,0.7701883927039027,0.5811247594121016
0,10,PE,PA,8,Night,748,142496.66666666666,13704.833333333334,0.0961765187489766,-0.1560275918258595,-0.15117087903367252,-0.2421236803625849,-0.07355723307370496,4837.800127016902,-0.1642655668084527,-0.266375854713536,-0.11664949710886924,-0.09815686849865272,-0.20894218553619032,-0.10657250987938452,-0.17098701556070395,-0.12583979739947557,-0.1766073506757666,-0.07457481000421155,-0.17851335568225893,-0.10750622720528293,-0.1632368004794964,-0.17098701556070395,-0.12396746477390952,-0.19026519324871924,-0.0890935761543164,-0.14579527014973534,-0.1126849316240812,-0.13098675351609945,-0.13190539068949736,-0.095532986210772,-0.15243713480419374,-0.1426411005866499,-0.13696340372603805,-0.15791416157856614,-0.22170348310778845,-0.17569349853266997,-0.1405772839243267,-0.1848060647870639,-0.17469412653010813,-0.17121065788810855,-0.14318120668350848,-0.08959667634514457,-0.0924414665731864,-0.08811942528716565,-0.14797361034983458,-0.17561749506463015,-0.16404520313496307,-0.15511116214070703,-0.24156797853867484,-0.2356635596450702,-0.13647942028984272,-0.09807868903379728,-0.11131001771413596,-0.16301293727231805,-0.16980199621367342,-0.14947232970080002,-0.21257515081514,-0.1459020564560175,-0.15942594792979875,-0.1459020564560175,-0.16520162946037276,-0.08785026338157506,-0.1184453910839471,-0.14960030259861182,-0.20333208240906847,-0.22880407422852897,-0.14505361282278295,-0.220525944617894,-0.11204653679266573,-0.16313430316495464,-0.17640536948412588,-0.1558662209496438,-0.1679941175905426,-0.07929799460753051,-0.21729626294479495,-0.17335821161231768,-0.13190539068949736,-0.17469412653010813,-0.1894963689227769,-0.15470053045681062,-0.16786986908568496,-0.19701348626337103,-0.15800152407922952,-0.142446087775045,-0.2058384857562374,-0.1658180192149347,-0.17335821161231768,-0.17586589841518754,-0.10133156900518256,-0.17774659639802728,-0.08162565491639326,-0.1802333347442152,-0.14556023055010495,-0.20431144859973496,-0.20111897819023627,-0.1260803197875493,-0.13889899021537178,-0.17251454058262375,-0.16223865906416823,-0.11107986836541914,-0.18840176850358484,-0.12959163157924203,-0.17608315417238138,-0.14960379449048455,-0.10881129074697243,-0.14947232970080002,-0.15284780544933607,-0.17057701260997657
0,10,PA,PE,8,Night,748,184413.5,13704.833333333334,0.07431578129222283,0.09903428979233436,0.09924534475203912,0.04673442407102932,0.15197925104911175,2210.604830264576,0.11511920330893474,0.09404893200209036,0.1085211130959431,0.09372903362634298,0.11608257624671664,0.09061228267128338,0.10501944064705183,0.05834715016808878,0.11259058279303592,0.11971355175887612,0.05918829028336168,0.10560318362073456,0.13866479549992178,0.07176631592945493,0.07959469582910701,0.11768477176888152,0.1317392687457016,0.11180429077015556,0.10993304552683378,0.1015934569415076,0.10887617014528594,0.07534253906846203,0.08512558129230327,0.12360031533571694,0.1196300338377832,0.1242546372046168,0.10984657491537372,0.06354956817259655,0.08664954971438184,0.06267721252072643,0.111089941174842,0.12591108272048016,0.02720218159549566,0.0865253411765608,0.09633981891096872,0.10617375088888648,0.08066932833663082,0.06164087459687133,0.09322186857524778,0.12029657148839244,0.1419540595834234,0.11180893901101452,0.12668587622576585,0.11096954056855483,0.1216790396957758,0.1075456644912669,0.08483041807858838,0.0973416114604932,0.08310880270666372,0.11136841487069409,0.141110585036934,0.06742984391696356,0.0704806133791506,0.090984593940138,0.12734496732413447,0.10505029689769328,0.11637858288111436,0.08561155795847991,0.11136841487069409,0.10615145826733016,0.08901143645096836,0.10105726651699876,0.10692479033123252,0.1153000109631421,0.11288860914647952,0.11494345264161145,0.15663930891114755,0.14580777474867038,0.07881666318925538,0.14072363036284147,0.12367793664102508,0.1204898389928532,0.12358216292393172,0.08721880920239869,0.10560318362073456,0.09631602476920176,0.1503139987521133,0.15390736084185813,0.08043258419531499,0.0457100249191015,0.1216790396957758,0.10992220206508305,0.10464090860710872,0.10897941991936688,0.1263309574632422,0.1343774075567319,0.1131262021415207,0.11390701869306398,0.07387427407961981,0.06355706966770913,0.06643295929127191,0.1069191512909029,0.0704806133791506,0.10897941991936688,0.15482461769455447,0.1010332161452462,0.16674352621587354,0.11750330021012947,0.12281884739453015,0.09425103019105832
0,10,PE,PE,8,Night,630,147705.16666666666,28839.833333333332,0.19525270499452177,0.21414153081126955,0.21814337463571265,0.10326555442748483,0.3256592308007368,1801.1448116204133,0.17793798638348154,0.2871502731135052,0.15689017104801128,0.2529112359243148,0.2160648302253367,0.23481571528629036,0.266324410159859,0.15129159353449376,0.21279675710069715,0.3325372503507456,0.2719209159452165,0.09308623026967022,0.20546594753262767,0.2678230800413987,0.26313411427574823,0.17578087144261123,0.18610001592138856,0.2664719913874839,0.20760024598707624,0.2493084700000593,0.1689727689223494,0.05068622148883416,0.20315393569322143,0.21375134664188497,0.2602506979403701,0.09066123930028425,0.2071868382413335,0.23262313805384544,0.17337872516261174,0.24075666686926933,0.2428768891593142,0.1817706324420003,0.2397909538448861,0.2942360339128849,0.24223674988991048,0.2073583586456353,0.188519126240236,0.31132746895061064,0.12879634962587488,0.2034503585806036,0.2120335262864647,0.19619863493489756,0.2542845430431438,0.1511181393721208,0.17856091177132064,0.1747695798597155,0.15784405899768666,0.22384937188778772,0.12448224178825416,0.23974580024499895,0.09769590135965368,0.15327323318190475,0.1541313492292269,0.2586982895397606,0.17834073065279477,0.301401180105202,0.16636059886455062,0.09167776069833852,0.1784000297509711,0.1156892120382074,0.2428350410192847,0.24535494682286868,0.21256020572088896,0.16009304602657554,0.26162068893527785,0.1545211040972575,0.19783575987517196,0.1161826302691916,0.3150379781072831,0.2465778195643308,0.16341032309227543,0.2922704997600556,0.2870692266371043,0.2755262753879592,0.23116968434586377,0.1157861866007346,0.1984583251173575,0.26962973770325616,0.24073747501194448,0.1134192037484702,0.2571518097874933,0.2760093518317138,0.3150379781072831,0.18312192088108295,0.2223540121323736,0.3169109432413586,0.2205005994047163,0.2012399878161847,0.23262313805384544,0.1418363442371303,0.10528234102563844,0.1648480694542324,0.20900928127223656,0.1529377786298215,0.15109982493819724,0.29808272986571815,0.24140131245119556,0.29397522253726055,0.2564104064004215,0.1728282608691804
0,10,ALL,ALL,-1,All,3737,1373651,333174.6666666667,0.2425468089541424,-0.058636980121565,-0.05801108699329236,-0.11755547385732353,-0.00582627007234835,6027.3047059468045,-0.06079942908504469,-0.06903042120530531,-0.13615306325389373,-0.04965610190181407,-0.04426955529437174,-0.11430603054287317,-0.04644690246570668,-0.03577452431165499,-0.13485558791109903,-0.07619047836201726,-0.03079063523750586,-0.02735080999666448,-0.04143331037426988,-0.06696377849683655,3.455855386909068e-4,-0.03026937547630483,-0.1096149546427546,-0.07406907144100772,-0.04648851884456843,-0.07984742966373898,-0.04986833274084235,-0.04149775614794533,-0.06155208447019464,-0.04798176175110323,-0.09005589691294634,-0.08302549483660951,-0.07276815074589527,-0.06349976223690972,-0.07131634155110755,-0.04029513122414643,-0.06243231124441339,-0.10536126255864252,-0.04924316520434186,-0.04009273781833962,-0.06243231124441339,-0.05112156488586432,-0.07532033499405932,-0.05119247825636014,-0.03181698340715491,-0.05586561387177192,-0.03386704011930928,-0.04815011099189351,-0.10085009322464458,-0.07759811130840083,-0.07716923461700181,-0.011188712539758,-0.05583940507232259,-0.08356129605512316,-0.07010354878385927,-0.04785347220021548,-0.02420298910691686,-0.04069532188206151,-0.05652892360709432,-0.0778085951532585,-0.04415273560298902,-0.08350225163412334,-0.03634174696026539,-0.0540671603376694,-0.0785716625043977,-0.02207655569227271,-0.03497081522207176,-0.0255390465409788,-0.0320490594899902,-0.05414463967287141,-0.06860974485263749,-0.0647803740746345,-0.06748633484778829,-0.05190712793412921,-0.05423138519017885,-0.06572719033351743,-0.0956811905096048,-0.02422200211936821,-0.0540671603376694,-0.03634174696026539,-0.1577907063651145,-0.06340541840378495,-0.11291330124631715,-0.08145336754372631,-0.05229493521666915,-0.02938195234407716,-0.06645492034809013,-0.03555461654332585,-0.08879433232128019,-0.10740882163667773,-0.01666077063354728,-0.07157755103689183,-0.03501556443604776,-0.05969928835683395,-0.07094564188076245,-0.01827602733458783,-0.05746897883976422,-0.02431367084667768,-0.04141050079668938,-0.1040135590188946,-0.07513546430630391,-0.04009273781833962,-0.08445921336265731,-0.12061582579562224,-0.02188599114059672,-0.05895322474209488
0,10,PA,PA,-1,All,1072,532103.3333333334,48281.666666666664,0.09073738810130864,-0.12591111584742787,-0.12642755152568622,-0.2147259250469735,-0.04212232282122251,10556.78304439475,-0.1455938777903122,-0.1957565765108747,-0.1808127090093209,-0.1836097255288383,-0.16427690798976424,-0.16362177888109877,-0.1299148254893026,-0.20093165580301603,-0.09215402469320172,-0.14190292287748651,-0.13995412865243828,-0.08522587496787651,-0.10087312796710698,-0.16216092462681592,-0.13598751807283171,-0.1376157536726108,-0.08432580620526343,-0.05589373108471317,-0.06060801178219019,-0.06038425538794592,-0.12491148801110022,-0.21311076236943496,-0.2349501197482409,-0.14249733675987636,-0.07953760965546125,-0.12490884601152452,-0.2011943708277233,-0.12688265663086873,-0.14912334905356067,-0.1241351776757193,-0.17177088474828772,-0.17933259064146148,-0.16048125074633934,-0.17356796940516286,-0.08564250494236196,-0.22655395005208548,-0.10189715067309028,-0.08099739229644357,-0.1278780572351061,-0.12665166834264582,-0.17971328018761756,-0.14190292287748651,-0.15040881454394137,-0.14892283611544418,-0.13623629527418804,-0.11760528895609564,-0.14468680010391544,-0.21955768929385447,-0.16300938414718347,-0.110970591747982,-0.10441318296200762,-0.20115937047679572,-0.08609574672898535,-0.07890496844468534,-0.16560005460841382,-0.1387424602458706,-0.1266890111699897,-0.15330479084852078,-0.20418288942755056,-0.1278093779078358,-0.04985581279968312,-0.10753488635412596,-0.10666576155350103,-0.03155725920401342,-0.12271928022684504,-0.07170126537527051,-0.13635031627401173,-0.10503599480310728,-0.18070851106697725,-0.09746303929574912,-0.1508365047928688,-0.1687808177006211,-0.1316659724020127,-0.13152335175153385,-0.05589373108471317,-0.15740467047525658,-0.13453037101072013,-0.09283290508576768,-0.13421886838827884,-0.08110693477777514,-0.14042744399466822,-0.11618341713915832,-0.11722289402823532,-0.1356708354292893,-0.09827258487891796,-0.11932740414132573,-0.09542620065656968,-0.164008732099015,-0.1614815044328797,-0.172431752201525,-0.19799230941075427,-0.01373937041173044,-0.1654116145287723,-0.09462640156355465,-0.20246572144702732,-0.09809779455397873,-0.09177346034381352,-0.18022964222842824,-0.09717379152358772,-0.1266890111699897
0,10,PE,PA,-1,All,3360,783298.3333333334,73661.83333333333,0.09404058479208643,-0.08154842786541133,-0.08108079461500699,-0.13528135840229422,-0.02887557282816544,20200.377397874723,-0.12228446574644228,-0.05287166844591895,-0.13016860315007162,-0.11856997227669984,-0.02735472734380855,-0.13641607204767353,-0.14251255796123596,-0.13858915138544534,-0.08522952198633775,-0.12704779810948288,-0.1398040056316831,-0.1326991708356695,-0.03796070559230968,-0.04813435805825379,-0.02800070305829396,-0.02504276778720791,-0.05827177501946387,-0.07155799265367553,-0.07165635207197946,-0.07071314270862826,-0.06771130905692076,-0.0992926260340075,-0.1326991708356695,-0.0528654750813154,-0.08129594154028089,-0.08652270641899684,-0.12228446574644228,-0.1108684580061146,-0.07660616293534274,-0.07065017733693116,-0.08427347836232715,-0.09791128136407252,-0.06232916729235829,-0.07422100832365364,-0.07757861221001194,-0.07964235684057185,-0.08271696224531278,-0.05391767617886187,-0.11612977510839775,-0.06307335607614137,-0.04462756365389662,-0.04440545896685979,-0.0736365867843163,-0.07422100832365364,-0.0887752591338697,-0.1185227198460693,-0.07887487615634553,-0.04394866042824918,-0.07902911301139864,-0.1137680958211346,-0.04937769518141462,-0.06266895898909786,-0.09463287969494907,-0.08652270641899684,-0.04052249611623212,-0.0799733757719387,-0.07227895516187925,-0.05749896052819896,-0.09209606786547338,-0.0840308396658343,-0.10519518790289192,-0.04028398846162416,-0.08717584061850658,-0.10700635910253764,-0.12623379949107866,-0.08766146396089475,-0.08352670159397324,-0.0911717198428207,-0.08934040499359064,-0.06532352423426027,-0.09043773990116057,-0.05174509366607493,-0.06748147954876799,-0.03773894948819718,-0.10980320889815914,-0.0813536726470542,-0.09854565689341684,-0.12690413778853768,-0.04880421328554672,-0.09358672452563732,-0.03220769390076988,-0.05027122794472087,-0.0799733757719387,-0.06685537178548269,-0.10372442677652938,-0.07204416096850755,-0.10757128924863084,-0.0889671550914564,-0.08307139666904438,-0.0693210651967722,-0.05287166844591895,-0.06284257641827105,-0.08234130921503142,-0.10108597684422228,-0.0660105423993202,-0.08384192048486684,-0.08763381294697385,-0.13295824144003077,-0.04418909898466532,-0.07733670534386475
0,10,PA,PE,-1,All,3360,531949.3333333334,73661.83333333333,0.13847528085381564,0.04582914373438008,0.0479194136340413,0.00910765230377362,0.087838982688483,10892.83564891105,0.04886441679899973,0.04738853165304913,0.05909413152672085,0.05214747882238469,0.04694064525907466,0.04130955938632864,0.06796966660939413,0.02376642547670564,0.03663521511011578,0.0310328774051327,0.0768380674542283,0.06119056317381446,0.0252951941208411,0.01698279421862091,0.07411316176205844,0.06029059755405273,0.04147875028876596,0.03659793979953796,0.07671728835297541,0.08576155018468656,0.07770572494696756,0.05964582823757791,0.07349065443897926,0.05086985635897789,0.03994347927819694,0.01914622489437317,0.07976618399539209,0.03631389698589762,0.04946595307444551,0.06263605671310098,0.06120673423646902,0.01160373229547187,0.07671728835297541,0.0857365627970478,0.04726048693850869,0.02527178472772647,0.04510274921246824,0.03402233158186575,0.04886441679899973,0.08783372507242852,0.05342683309806666,0.02487204883635793,0.04412562808204043,0.03662143791155785,0.03457428572532328,0.09405334583076864,0.03351967366975858,0.09089710883007752,0.05823118490060543,0.08298952063615227,0.0447835925696998,0.04398621057529021,0.02791447315575107,0.0255070925079157,0.0481914451328715,0.02450398573150271,0.02872002964825326,0.03182543414558004,0.02386258108554931,0.06029059755405273,0.04106208016679391,0.04459681099677196,0.04392332456428786,0.05086985635897789,0.03658620716597385,0.03120340621178895,0.07770946194089835,0.03667799097016969,0.03535397323824664,0.07450476771276157,0.04222886545247805,0.00257739338174797,0.06712209069752353,0.08429079192405338,0.01725856322913054,0.04946595307444551,0.03174221640988941,0.04147875028876596,0.06688866732317646,0.04268869146668017,0.04969603111312081,0.01075225490748495,0.03774739609447102,0.03405886828670447,0.0399967486625969,0.0707555373562657,0.03287359006623168,0.04392130460807955,0.07094804572777606,0.03608523473928105,0.07875763545478537,0.02120810938032716,0.06633680635428661,0.04860738055822923,0.02575137187462164,0.04002719655988088,0.01227982852792162,0.03869518218383192,0.06022796891738273,0.03182543414558004
0,10,PE,PE,-1,All,2553,790484,168877.33333333334,0.21363788936061115,0.13484268161696736,0.134360686101343,0.07611284548783145,0.18902161879128945,6138.872275679866,0.1258009249348886,0.1911124235945348,0.11989893998789772,0.10219348703188635,0.1582314965722947,0.15402821885389173,0.08184675199584943,0.10472775969822204,0.1664092883147649,0.10194247909754171,0.15670911414391203,0.14743492458823793,0.1389204358944606,0.13614147876896784,0.14904193798269255,0.14593110891792987,0.1193608571128692,0.13228153812167523,0.1320937823182285,0.15231746042136263,0.13223728943467694,0.17481223355187028,0.12250296414054462,0.13300920288282503,0.09999246128552032,0.15670911414391203,0.15225462373100718,0.13417547212476738,0.11155084736989215,0.1498939580953341,0.16619807201686998,0.1480504468377593,0.1445167071535592,0.11556416067759172,0.13239748184191527,0.11450662927480554,0.13472991073444057,0.12989590459544448,0.1477683000459684,0.15394734750999492,0.12869489030129164,0.09605004388535728,0.17087701867161276,0.08443816406141366,0.18043525285550369,0.18190601580407345,0.14873428108244283,0.18558366083971164,0.13897009472841562,0.12314802966895758,0.14042459470273258,0.11417078362454468,0.14195944793950843,0.14049010561696118,0.1375879612880707,0.17560487842838934,0.1178978753267661,0.12314802966895758,0.1610215304284227,0.14483692051905833,0.0960291100838086,0.1446994752409429,0.10116781804362236,0.1409472372423729,0.13377269794417812,0.09494743780519269,0.1520786424774639,0.12536895628188094,0.15971646900179975,0.12527998951508693,0.10707999961420402,0.1342620425019651,0.17540482394219015,0.19036246169518356,0.11614241872887172,0.09905232244065258,0.13965330419009706,0.11397505044929009,0.11155084736989215,0.15910642699145192,0.12556339902859004,0.17959164890343968,0.1333067906144978,0.1151541824166904,0.10662018911000092,0.12547653617689758,0.1514896532520182,0.15225462373100718,0.1734195448729847,0.13256011263041556,0.09618565914157956,0.06518586286989811,0.14171441558289427,0.10381520125349908,0.16450719418242007,0.0916505828959176,0.11840467576120586,0.13807962124920714,0.12610057930792018,0.12521485425219528
